USE gmonstar_orchestration;

--
-- Inserting data into table api
--
INSERT INTO api(id, id_id, name, url, api_type_id, method_type_id, is_token_required, time_interval, max_retires, retry_interval, timeout, node_id, body_parameter_type_id, error_code_key, error_code_description) VALUES
(148, 148, 'AddOrderDemo', 'demo', 1, 3, NULL, 3, 2, 1, NULL, 2, 2, 'errorCode', 'errorMessage'),
(149, 149, 'RetrievePurchases', 'rout/retrievePurchases', 1, 1, 1, 3, 2, 1, NULL, 2, 2, 'code', 'description');

UPDATE api SET url = 'rout/GetExpiredUserPurchasesBatchAPI' WHERE id = 52;
UPDATE api SET error_code_key = 'code', error_code_description = 'description' WHERE id = 57;
UPDATE api SET error_code_key = 'code', error_code_description = 'description' WHERE id = 58;
UPDATE api SET method_type_id = 3 WHERE id = 113;
UPDATE api SET method_type_id = 3 WHERE id = 120;
UPDATE api SET method_type_id = 3 WHERE id = 125;
UPDATE api SET method_type_id = 3 WHERE id = 126;
UPDATE api SET method_type_id = 3 WHERE id = 127;
UPDATE api SET method_type_id = 3, is_token_required = 0 WHERE id = 138;
UPDATE api SET method_type_id = 3, is_token_required = 0 WHERE id = 139;
UPDATE api SET method_type_id = 3, is_token_required = 0 WHERE id = 140;
UPDATE api SET method_type_id = 3, is_token_required = 0 WHERE id = 141;


--
-- Inserting data into table api_group
--
INSERT INTO api_group(id, name, type, platform_id) VALUES
(121, 'Add Order Demo', 'SYNC', 1),
(122, 'RetrievePurchases', 'SYNC', 1),
(123, 'v2_Add Order', 'ASYNC', 1),
(124, 'v3_Add Order', 'ASYNC', 1);

--
-- Inserting data into table api_api_group
--
INSERT INTO api_api_group(id, api_group_id, api_id, api_template, sequence) VALUES
(214, 121, 148, '', 2),
(215, 123, 57, '{"userIdentifier" : "<userIdentifier>", "externalTransactionId" : "<externalTransactionId>", "externalExtraPassId" : "<externalExtraPassId>","activatePurchase" : "<activatePurchase>"}', 2),
(216, 123, 128, '{ "zip":"<zip>","lastName":"<lastName>","country":"<country>","personalId":"<personalId>","address":"<address>","gender":"<gender>","contactMsisdn":"<contactMsisdn>","streetNo":"","city":"<city>","countryIsoCode":"<country>","timeZone":"<timeZone>","language":"<preferredLanguageCode>","birthDate":"<birthDate>","notificationEmail":"<notificationEmail>","firstName":"<firstName>","marketing":"<marketing>","password":"<password>","userIdentifier":"<userIdentifier>","imei":"<imei>","state":"<state>","device":"<device>"}', 1),
(217, 124, 57, '{"userIdentifier" : "<userIdentifier>", "externalTransactionId" : "<externalTransactionId>", "externalExtraPassId" : "<externalExtraPassId>","activatePurchase" : "<activatePurchase>"}', 2),
(218, 124, 128, '{ "zip":"<zip>","lastName":"<lastName>","country":"<country>","personalId":"<personalId>","address":"<address>","gender":"<gender>","contactMsisdn":"<contactMsisdn>","streetNo":"","city":"<city>","countryIsoCode":"<country>","timeZone":"<timeZone>","language":"<preferredLanguageCode>","birthDate":"<birthDate>","notificationEmail":"<notificationEmail>","firstName":"<firstName>","marketing":"<marketing>","password":"<password>","userIdentifier":"<userIdentifier>","imei":"<imei>","state":"<state>","device":"<device>"}', 1),
(219, 122, 149, NULL, 1);




--
-- Updating data of table api_api_group
--
UPDATE api_api_group SET api_template = NULL WHERE id = 131;
UPDATE api_api_group SET api_template = NULL WHERE id = 132;


--
-- Inserting data into table api_input_parameters
--
INSERT INTO api_input_parameters(id, api_id, name, data_type, is_header, length, regex, regex_description, client_parameter, client_parameter_value, is_required, is_query, is_body, is_path, is_prefix, prefix_value, is_suffix, suffix_value) VALUES
(4550, 149, 'userIdentifier', 'string', 0, '<41', '[a-zA-Z0-9 ]+', 'Value should not contain special character', 'userIdentifier', NULL, 1, 0, 0, 0, 0, NULL, 0, NULL),
(4551, 149, 'Accept', 'string', 0, NULL, 'application/json', 'Value should be only application/json', 'Accept', NULL, 1, 0, 0, 0, 0, NULL, 0, NULL),
(4552, 149, 'requestId', 'string', 1, NULL, '[a-zA-Z ]+', 'Value should be string with no spaces', 'requestId', NULL, 1, 0, 1, 0, 0, NULL, 0, NULL),
(4553, 149, 'user_key', 'string', 1, NULL, '[a-zA-Z ]+', 'Value should be string with no spaces', NULL, '8dc8831e-14de-11e9-9b0d-fe984cc15272', 1, 0, 1, 0, 0, NULL, 0, NULL),
(4554, 149, 'token', 'string', 1, NULL, '[a-zA-Z ]+', 'Value should be string with no spaces', 'access_token', '7e96ca42-e0e7-11e9-8bee-fe984cc15272', 1, 0, 1, 0, 0, NULL, 0, NULL),
(4555, 149, 'identifier', 'string', 1, NULL, NULL, NULL, NULL, 'ban', 1, 0, 1, 0, 0, NULL, 0, NULL),
(4556, 149, 'identifier_value', 'string', 1, NULL, NULL, NULL, 'ban', NULL, 1, 0, 1, 0, 0, NULL, 0, NULL),
(4557, 149, 'Content-Type', 'string', 1, NULL, '[a-zA-Z ]+', 'Value should be string with no spaces', NULL, 'application/json', 1, 0, 1, 0, 0, NULL, 0, NULL),
(4558, 149, 'requestIdMsg', 'string', 0, '', '', 'Value should not start with space', 'requestId', NULL, 0, 0, 0, 0, 0, NULL, 0, NULL);

--
-- Inserting data into table error_codes
--
INSERT INTO error_codes(id, api_group_id, code, description, priority) VALUES
(267, 123, 'ADD001', 'Value not supported', 2),
(268, 123, 'ADD002', 'is mandatory', 1),
(269, 123, 'ADD003', 'not found', 0),
(270, 123, 'CMN001', 'Internal Server Failure ', 3),
(271, 123, 'CMN002', 'API Transformation Failure ', 4),
(274, 124, 'ADD001', 'Value not supported', 2),
(275, 124, 'ADD002', 'is mandatory', 1),
(276, 124, 'ADD003', 'not found', 0),
(277, 124, 'CMN001', 'Internal Server Failure ', 3),
(278, 124, 'CMN002', 'API Transformation Failure ', 4),
(281, 122, 'GSO001', 'Value not supported', 2),
(282, 122, 'GSO001', 'is mandatory', 1),
(283, 122, 'GSO003', 'not found', 0),
(284, 122, 'CMN001', 'Internal Server Failure ', 3),
(285, 122, 'CMN002', 'API Transformation Failure ', 4);



--
-- Inserting data into table inherit_api_input_parameters
--
INSERT INTO inherit_api_input_parameters(id, api_api_group_id, api_input_parameters_id, data_type, is_header, length, regex, regex_description, client_parameter, client_parameter_value, inherit_api_response_parameter_id, is_required, is_query, is_body, is_path, is_prefix, prefix_value, is_suffix, suffix_value) VALUES
(5003, 215, 729, 'string', 0, '>0', '', '', NULL, NULL, NULL, 0, 0, 0, 0, 0, NULL, 0, NULL),
(5004, 215, 733, 'string', 0, NULL, NULL, NULL, NULL, 'false', NULL, 0, 0, 0, 0, 0, NULL, 0, NULL),
(5005, 215, 734, 'string', 0, '<41', '[a-zA-Z0-9 ]+', 'Value should not contain special character', 'ban', '', NULL, 1, 0, 0, 0, 0, NULL, 0, NULL),
(5006, 215, 738, 'string', 0, NULL, NULL, NULL, 'transactionReference', NULL, NULL, 0, 0, 0, 0, 0, NULL, 0, NULL),
(5007, 215, 739, 'string', 0, NULL, NULL, NULL, 'planId', NULL, NULL, 0, 0, 0, 0, 0, NULL, 0, NULL),
(5008, 215, 849, 'string', 1, '>0', '^[^-s][a-zA-Z0-9_|s-]+$', 'Value should not start with space', 'requestId', NULL, NULL, 1, 0, 0, 0, 0, NULL, 0, NULL),
(5009, 215, 850, 'string', 0, '>0', '^(https?|ftp|file)://[-a-zA-Z0-9+&@#/%?=~_|!:,.;]*[-a-zA-Z0-9+&@#/%=~_|]', 'Value should be in proper url format', 'returnUrl', NULL, NULL, 1, 0, 0, 0, 0, NULL, 0, NULL),
(5010, 215, 1024, 'string', 0, '<21', '[0-9]{19,20}', 'Value should be less than 21 digit numeric only', 'iccid', NULL, NULL, 1, 0, 0, 0, 0, NULL, 0, NULL),
(5011, 215, 1025, 'string', 0, '<21', '[0-9]+', 'value should be < 21 numeric characters', 'imsi', NULL, NULL, 1, 0, 0, 0, 0, NULL, 0, NULL),
(5012, 215, 1026, 'string', 0, '<21', '[0-9]+', 'value should be < 21 numeric characters', 'msisdn', NULL, NULL, 1, 0, 0, 0, 0, NULL, 0, NULL),
(5013, 215, 1027, 'string', 0, '<35', 'Mr|Mrs|Miss|Ms|Dr|Prof|Sir|السيد|السيدة|ملكة جمال|السيدة|الدكتور|البروفيسور|السير', 'Value should be less than 35 characters', 'title', NULL, NULL, 0, 0, 0, 0, 0, NULL, 0, NULL),
(5014, 215, 1028, 'string', 0, '<65', NULL, 'value should be < 65 characters string without spaces', 'firstName', NULL, NULL, 1, 0, 0, 0, 0, NULL, 0, NULL),
(5015, 215, 1029, 'string', 0, '<36', NULL, 'value should be < 36 characters', 'city', NULL, NULL, 0, 0, 0, 0, 0, NULL, 0, NULL),
(5016, 215, 1030, 'string', 0, '<21', NULL, 'value should be < 21 characters string', 'state', NULL, NULL, 0, 0, 0, 0, 0, NULL, 0, NULL),
(5017, 215, 1031, 'string', 0, '<21', NULL, 'value should be < 21 characters string', 'postalCode', NULL, NULL, 0, 0, 0, 0, 0, NULL, 0, NULL),
(5018, 215, 1032, 'string', 0, '=2', 'BR|AR|CO|CL|EC|PE|BO|UY|PY|AU|NZ|KP|SA|AE|KW|QA|BH|IN', 'Value should be iso code of country in two characters in capitals only', 'countryCode', NULL, NULL, 1, 0, 0, 0, 0, NULL, 0, NULL),
(5019, 215, 1033, 'string', 0, '<255', NULL, 'Value should be <255 characters', 'emailAddress', NULL, NULL, 1, 0, 0, 0, 0, NULL, 0, NULL),
(5020, 215, 1034, 'string', 0, '<16', '([+][0-9]{1,}[\\s])?[0-9]{1,}', 'value should be < 16 characters', 'mobilePhone', NULL, NULL, 1, 0, 0, 0, 0, NULL, 0, NULL),
(5021, 215, 1035, 'string', 0, '=5', 'en-US|en-UK|en-AU|ko-KP|ar-SA|pt-BR|es-MX', 'Value should be one of this ( en-US,en-UK, en-AU, ko-KP, ar-SA, pt-BR, es-MX)', 'preferredLanguageCode', NULL, NULL, 1, 0, 0, 0, 0, NULL, 0, NULL),
(5022, 215, 1036, 'boolean', 0, NULL, '^(true|false)$', 'Value should be either true or false', 'consent', NULL, NULL, 0, 0, 0, 0, 0, NULL, 0, NULL),
(5023, 215, 1037, 'string', 0, NULL, '^((19|20)\\d\\d)-(0?[1-9]|1[012])-(0?[1-9]|[12][0-9]|3[01])[T]([01]?\\d|2[01234]):([0-5]?\\d):([0-5]?\\d).(\\d{6})[-](\\d{2}):(\\d{2})$', 'Value should be in YYYY-MM-DDTHH:MM:SS.SSSZ format', 'consentTimestamp', NULL, NULL, 0, 0, 0, 0, 0, NULL, 0, NULL),
(5024, 215, 1038, 'string', 0, NULL, NULL, NULL, 'documentCode', NULL, NULL, 0, 0, 0, 0, 0, NULL, 0, NULL),
(5025, 215, 1039, 'string', 0, NULL, NULL, NULL, 'documentVersion', NULL, NULL, 0, 0, 0, 0, 0, NULL, 0, NULL),
(5026, 215, 1040, 'string', 0, NULL, '^(en-UK|en-AU|ko-KP|ar-SA|pt-BR|es-MX)$', 'Value should be one of this (en-UK, en-AU, ko-KP, ar-SA, pt-BR, es-MX)', 'documentLanguage', NULL, NULL, 0, 0, 0, 0, 0, NULL, 0, NULL),
(5027, 215, 1041, 'string', 0, NULL, '^(email|creditCard|idScan|faceToFace|thumbprint)$', 'Value should be one of this (email, creditCard, idScan, faceToFace, thumbprint)', 'validationIdType', NULL, NULL, 0, 0, 0, 0, 0, NULL, 0, NULL),
(5028, 215, 1042, 'string', 0, NULL, '^((19|20)\\d\\d)-(0?[1-9]|1[012])-(0?[1-9]|[12][0-9]|3[01])$', 'Value should be in YYYY-MM-DD format', 'dateOfBirth', NULL, NULL, 0, 0, 0, 0, 0, NULL, 0, NULL),
(5029, 215, 1043, 'string', 0, '<65', NULL, 'Value should be <65 characters', 'placeOfBirth', NULL, NULL, 0, 0, 0, 0, 0, NULL, 0, NULL),
(5030, 215, 1044, 'string', 0, '<64', '^(AUS_DRIVERS_LICENSE|AUS_PASSPORT|MEDICARE_CARD|AUS_VISA|passport|driverLicense|PASSPORT|Passport|DriverLicense|DRIVERLICENSE)$', 'Value should be in two characters in capitals only', 'idType', NULL, NULL, 0, 0, 0, 0, 0, NULL, 0, NULL),
(5031, 215, 1045, 'string', 0, '<64', NULL, NULL, 'idValue', NULL, NULL, 0, 0, 0, 0, 0, NULL, 0, NULL),
(5032, 215, 1046, 'string', 0, '<65', NULL, 'Value should be <65 characters', 'planId', NULL, NULL, 1, 0, 0, 0, 0, NULL, 0, NULL),
(5033, 215, 1047, 'string', 0, NULL, 'ARS|BOB|BRL|CLP|COP|USD|PYG|PEN|UYU|AUD|NZD|KRW|SAR|AED|KWD|OMR|BHD|QAR', 'Value should be ARS|BOB|BRL|CLP|COP|USD|PYG|PEN|UYU|AUD|NZD|KRW|SAR|AED|KWD|OMR|BHD|QAR', 'currency', NULL, NULL, 0, 0, 0, 0, 0, NULL, 0, NULL),
(5034, 215, 1048, 'string', 0, NULL, NULL, NULL, 'amount', NULL, NULL, 0, 0, 0, 0, 0, NULL, 0, NULL),
(5035, 215, 1049, 'string', 0, NULL, NULL, NULL, 'cardType', NULL, NULL, 0, 0, 0, 0, 0, NULL, 0, NULL),
(5036, 215, 1050, 'string', 0, NULL, NULL, NULL, 'cardHolderName', NULL, NULL, 0, 0, 0, 0, 0, NULL, 0, NULL),
(5037, 215, 1051, 'string', 0, NULL, NULL, NULL, 'cardToken', NULL, NULL, 0, 0, 0, 0, 0, NULL, 0, NULL),
(5038, 215, 1052, 'string', 0, NULL, '^([0][0-9]||1[0-2])-([0-9][0-9])?[0-9][0-9]$', 'Expiry date of the Credit Card  must be in the format MM-YYYY ', 'cardExpiryDate', NULL, NULL, 0, 0, 0, 0, 0, NULL, 0, NULL),
(5039, 215, 1053, 'string', 0, NULL, NULL, NULL, 'transactionReference', NULL, NULL, 0, 0, 0, 0, 0, NULL, 0, NULL),
(5040, 215, 1054, 'string', 0, NULL, NULL, NULL, 'paymentAgreementId', NULL, NULL, 0, 0, 0, 0, 0, NULL, 0, NULL),
(5041, 215, 1055, 'string', 0, '<65', NULL, 'value should be < 65 characters string without spaces', 'lastName', NULL, NULL, 1, 0, 0, 0, 0, NULL, 0, NULL),
(5042, 215, 1056, NULL, 0, '<101', NULL, 'value should be < 101 alphanumeric characters', 'addressLine1', NULL, NULL, 0, 0, 0, 0, 0, NULL, 0, NULL),
(5043, 215, 1057, NULL, 0, '<101', NULL, 'value should be < 101 alphanumeric characters', 'addressLine2', NULL, NULL, 0, 0, 0, 0, 0, NULL, 0, NULL),
(5044, 215, 1152, 'string', 0, NULL, 'application/json', 'Value should be only application/json', 'Accept', NULL, NULL, 1, 0, 0, 0, 0, NULL, 0, NULL),
(5045, 215, 1552, 'string', 0, '', '', '', 'newPlanId', NULL, NULL, 0, 0, 0, 0, 0, NULL, 0, NULL),
(5046, 215, 1811, 'string', 0, '<65', NULL, 'Value should be <65 characters', 'fiscalCode', NULL, NULL, 0, 0, 0, 0, 0, NULL, 0, NULL),
(5047, 215, 1812, 'string', 0, '<64', NULL, NULL, 'idVersion', NULL, NULL, 0, 0, 0, 0, 0, NULL, 0, NULL),
(5048, 215, 1813, 'string', 0, NULL, '^((19|20)\\d\\d)-(0?[1-9]|1[012])-(0?[1-9]|[12][0-9]|3[01])$', 'Value should be in YYYY-MM-DD format', 'idIssueDate', NULL, NULL, 0, 0, 0, 0, 0, NULL, 0, NULL),
(5049, 215, 1814, 'string', 0, NULL, '^((19|20)\\d\\d)-(0?[1-9]|1[012])-(0?[1-9]|[12][0-9]|3[01])$', 'Value should be in YYYY-MM-DD format', 'idExpiryDate', NULL, NULL, 0, 0, 0, 0, 0, NULL, 0, NULL),
(5050, 215, 1815, 'string', 0, '<64', NULL, NULL, 'idIssuingEntity', NULL, NULL, 0, 0, 0, 0, 0, NULL, 0, NULL),
(5051, 215, 1816, 'string', 0, NULL, NULL, NULL, 'idCountryOfIssue', NULL, NULL, 0, 0, 0, 0, 0, NULL, 0, NULL),
(5052, 215, 1817, 'string', 0, '<64', NULL, NULL, 'idFirstName', NULL, NULL, 0, 0, 0, 0, 0, NULL, 0, NULL),
(5053, 215, 1818, 'string', 0, '<64', NULL, NULL, 'idLastName', NULL, NULL, 0, 0, 0, 0, 0, NULL, 0, NULL),
(5054, 215, 1819, 'string', 0, '<64', NULL, NULL, 'idStateOfIssue', NULL, NULL, 0, 0, 0, 0, 0, NULL, 0, NULL),
(5055, 215, 1820, 'string', 0, NULL, 'M|F|', NULL, 'gender', NULL, NULL, 0, 0, 0, 0, 0, NULL, 0, NULL),
(5056, 215, 1821, 'string', 0, '<64', NULL, NULL, 'visaNumber', NULL, NULL, 0, 0, 0, 0, 0, NULL, 0, NULL),
(5057, 215, 1822, 'string', 0, '<64', NULL, NULL, 'visaGrantNumber', NULL, NULL, 0, 0, 0, 0, 0, NULL, 0, NULL),
(5058, 215, 1823, 'string', 0, NULL, '^((19|20)\\d\\d)-(0?[1-9]|1[012])-(0?[1-9]|[12][0-9]|3[01])$', 'Value should be in YYYY-MM-DD format', 'visaExpiryDate', NULL, NULL, 0, 0, 0, 0, 0, NULL, 0, NULL),
(5059, 215, 1824, 'string', 0, '<64', NULL, NULL, 'nationality', NULL, NULL, 0, 0, 0, 0, 0, NULL, 0, NULL),
(5060, 215, 2141, 'string', 1, NULL, '[a-zA-Z ]+', 'Value should be string with no spaces', NULL, 'a330225c-d0c8-11e9-9dc7-0050568138a0', NULL, 1, 0, 0, 0, 0, NULL, 0, NULL),
(5061, 215, 2184, 'string', 1, NULL, '[a-zA-Z ]+', 'Value should be string with no spaces', 'access_token', '7e96ca42-e0e7-11e9-8bee-fe984cc15272', NULL, 1, 0, 0, 0, 0, NULL, 0, NULL),
(5062, 215, 2313, 'string', 1, NULL, '[a-zA-Z ]+', 'Value should be string with no spaces', NULL, 'application/json;charset=UTF-8', NULL, 1, 0, 0, 0, 0, NULL, 0, NULL),
(5063, 215, 2227, 'string', 1, NULL, NULL, NULL, NULL, 'userIdentifier', NULL, 1, 0, 0, 0, 0, NULL, 0, NULL),
(5064, 215, 2270, 'string', 1, NULL, NULL, NULL, 'userIdentifier', NULL, NULL, 1, 0, 0, 0, 0, NULL, 0, NULL),
(5065, 215, 4470, 'string', 0, NULL, NULL, NULL, 'requestId', NULL, NULL, 0, 0, 0, 0, 0, NULL, 0, NULL),
(5066, 215, 4531, 'string', 0, '', '\\d+\\.?\\d*', 'Value should be numeric', 'purchaseAmount', NULL, NULL, 0, 0, 1, 0, 0, NULL, 0, NULL),
(5067, 215, 4547, 'string', 0, NULL, NULL, NULL, NULL, '', NULL, 0, 0, 0, 0, 0, NULL, 0, NULL),
(5068, 215, 4548, 'string', 0, NULL, NULL, NULL, NULL, '', NULL, 0, 0, 0, 0, 0, NULL, 0, NULL),
(5069, 215, 4549, 'string', 0, NULL, 'DEMO|TRIAL|RETAIL|COMP', 'Value should be DEMO|TRIAL|RETAIL|COMP', 'planType', NULL, NULL, 1, 0, 0, 0, 0, NULL, 0, NULL),
(5130, 217, 729, 'string', 0, '>0', '', '', NULL, NULL, NULL, 0, 0, 0, 0, 0, NULL, 0, NULL),
(5131, 217, 733, 'string', 0, NULL, NULL, NULL, NULL, 'false', NULL, 0, 0, 0, 0, 0, NULL, 0, NULL),
(5132, 217, 734, 'string', 0, '<41', '[a-zA-Z0-9 ]+', 'Value should not contain special character', 'ban', '', NULL, 1, 0, 0, 0, 0, NULL, 0, NULL),
(5133, 217, 738, 'string', 0, NULL, NULL, NULL, 'transactionReference', NULL, NULL, 0, 0, 0, 0, 0, NULL, 0, NULL),
(5134, 217, 739, 'string', 0, NULL, NULL, NULL, 'planId', NULL, NULL, 0, 0, 0, 0, 0, NULL, 0, NULL),
(5135, 217, 849, 'string', 1, '>0', '^[^-s][a-zA-Z0-9_|s-]+$', 'Value should not start with space', 'requestId', NULL, NULL, 1, 0, 0, 0, 0, NULL, 0, NULL),
(5136, 217, 850, 'string', 0, '>0', '^(https?|ftp|file)://[-a-zA-Z0-9+&@#/%?=~_|!:,.;]*[-a-zA-Z0-9+&@#/%=~_|]', 'Value should be in proper url format', 'returnUrl', NULL, NULL, 1, 0, 0, 0, 0, NULL, 0, NULL),
(5137, 217, 1024, 'string', 0, '<21', '[0-9]{19,20}', 'Value should be less than 21 digit numeric only', 'iccid', NULL, NULL, 1, 0, 0, 0, 0, NULL, 0, NULL),
(5138, 217, 1025, 'string', 0, '<21', '[0-9]+', 'value should be < 21 numeric characters', 'imsi', NULL, NULL, 1, 0, 0, 0, 0, NULL, 0, NULL),
(5139, 217, 1026, 'string', 0, '<21', '[0-9]+', 'value should be < 21 numeric characters', 'msisdn', NULL, NULL, 1, 0, 0, 0, 0, NULL, 0, NULL),
(5140, 217, 1027, 'string', 0, '<35', 'Mr|Mrs|Miss|Ms|Dr|Prof|Sir|السيد|السيدة|ملكة جمال|السيدة|الدكتور|البروفيسور|السير', 'Value should be less than 35 characters', 'title', NULL, NULL, 0, 0, 0, 0, 0, NULL, 0, NULL),
(5141, 217, 1028, 'string', 0, '<65', NULL, 'value should be < 65 characters string without spaces', 'firstName', NULL, NULL, 1, 0, 0, 0, 0, NULL, 0, NULL),
(5142, 217, 1029, 'string', 0, '<36', NULL, 'value should be < 36 characters', 'city', NULL, NULL, 0, 0, 0, 0, 0, NULL, 0, NULL),
(5143, 217, 1030, 'string', 0, '<21', NULL, 'value should be < 21 characters string', 'state', NULL, NULL, 0, 0, 0, 0, 0, NULL, 0, NULL),
(5144, 217, 1031, 'string', 0, '<21', NULL, 'value should be < 21 characters string', 'postalCode', NULL, NULL, 0, 0, 0, 0, 0, NULL, 0, NULL),
(5145, 217, 1032, 'string', 0, '=2', 'BR|AR|CO|CL|EC|PE|BO|UY|PY|AU|NZ|KP|SA|AE|KW|QA|BH|IN', 'Value should be iso code of country in two characters in capitals only', 'countryCode', NULL, NULL, 1, 0, 0, 0, 0, NULL, 0, NULL),
(5146, 217, 1033, 'string', 0, '<255', NULL, 'Value should be <255 characters', 'emailAddress', NULL, NULL, 1, 0, 0, 0, 0, NULL, 0, NULL),
(5147, 217, 1034, 'string', 0, '<16', '([+][0-9]{1,}[\\s])?[0-9]{1,}', 'value should be < 16 characters', 'mobilePhone', NULL, NULL, 1, 0, 0, 0, 0, NULL, 0, NULL),
(5148, 217, 1035, 'string', 0, '=5', 'en-US|en-UK|en-AU|ko-KP|ar-SA|pt-BR|es-MX', 'Value should be one of this ( en-US,en-UK, en-AU, ko-KP, ar-SA, pt-BR, es-MX)', 'preferredLanguageCode', NULL, NULL, 1, 0, 0, 0, 0, NULL, 0, NULL),
(5149, 217, 1036, 'boolean', 0, NULL, '^(true|false)$', 'Value should be either true or false', 'consent', NULL, NULL, 0, 0, 0, 0, 0, NULL, 0, NULL),
(5150, 217, 1037, 'string', 0, NULL, '^((19|20)\\d\\d)-(0?[1-9]|1[012])-(0?[1-9]|[12][0-9]|3[01])[T]([01]?\\d|2[01234]):([0-5]?\\d):([0-5]?\\d).(\\d{6})[-](\\d{2}):(\\d{2})$', 'Value should be in YYYY-MM-DDTHH:MM:SS.SSSZ format', 'consentTimestamp', NULL, NULL, 0, 0, 0, 0, 0, NULL, 0, NULL),
(5151, 217, 1038, 'string', 0, NULL, NULL, NULL, 'documentCode', NULL, NULL, 0, 0, 0, 0, 0, NULL, 0, NULL),
(5152, 217, 1039, 'string', 0, NULL, NULL, NULL, 'documentVersion', NULL, NULL, 0, 0, 0, 0, 0, NULL, 0, NULL),
(5153, 217, 1040, 'string', 0, NULL, '^(en-UK|en-AU|ko-KP|ar-SA|pt-BR|es-MX)$', 'Value should be one of this (en-UK, en-AU, ko-KP, ar-SA, pt-BR, es-MX)', 'documentLanguage', NULL, NULL, 0, 0, 0, 0, 0, NULL, 0, NULL),
(5154, 217, 1041, 'string', 0, NULL, '^(email|creditCard|idScan|faceToFace|thumbprint)$', 'Value should be one of this (email, creditCard, idScan, faceToFace, thumbprint)', 'validationIdType', NULL, NULL, 0, 0, 0, 0, 0, NULL, 0, NULL),
(5155, 217, 1042, 'string', 0, NULL, '^((19|20)\\d\\d)-(0?[1-9]|1[012])-(0?[1-9]|[12][0-9]|3[01])$', 'Value should be in YYYY-MM-DD format', 'dateOfBirth', NULL, NULL, 0, 0, 0, 0, 0, NULL, 0, NULL),
(5156, 217, 1043, 'string', 0, '<65', NULL, 'Value should be <65 characters', 'placeOfBirth', NULL, NULL, 0, 0, 0, 0, 0, NULL, 0, NULL),
(5157, 217, 1044, 'string', 0, '<64', '^(AUS_DRIVERS_LICENSE|AUS_PASSPORT|MEDICARE_CARD|AUS_VISA|passport|driverLicense|PASSPORT|Passport|DriverLicense|DRIVERLICENSE)$', 'Value should be in two characters in capitals only', 'idType', NULL, NULL, 0, 0, 0, 0, 0, NULL, 0, NULL),
(5158, 217, 1045, 'string', 0, '<64', NULL, NULL, 'idValue', NULL, NULL, 0, 0, 0, 0, 0, NULL, 0, NULL),
(5159, 217, 1046, 'string', 0, '<65', NULL, 'Value should be <65 characters', 'planId', NULL, NULL, 1, 0, 0, 0, 0, NULL, 0, NULL),
(5160, 217, 1047, 'string', 0, NULL, 'ARS|BOB|BRL|CLP|COP|USD|PYG|PEN|UYU|AUD|NZD|KRW|SAR|AED|KWD|OMR|BHD|QAR', 'Value should be ARS|BOB|BRL|CLP|COP|USD|PYG|PEN|UYU|AUD|NZD|KRW|SAR|AED|KWD|OMR|BHD|QAR', 'currency', NULL, NULL, 0, 0, 0, 0, 0, NULL, 0, NULL),
(5161, 217, 1048, 'string', 0, NULL, NULL, NULL, 'amount', NULL, NULL, 0, 0, 0, 0, 0, NULL, 0, NULL),
(5162, 217, 1049, 'string', 0, NULL, NULL, NULL, 'cardType', NULL, NULL, 0, 0, 0, 0, 0, NULL, 0, NULL),
(5163, 217, 1050, 'string', 0, NULL, NULL, NULL, 'cardHolderName', NULL, NULL, 0, 0, 0, 0, 0, NULL, 0, NULL),
(5164, 217, 1051, 'string', 0, NULL, NULL, NULL, 'cardToken', NULL, NULL, 0, 0, 0, 0, 0, NULL, 0, NULL),
(5165, 217, 1052, 'string', 0, NULL, '^([0][0-9]||1[0-2])-([0-9][0-9])?[0-9][0-9]$', 'Expiry date of the Credit Card  must be in the format MM-YYYY ', 'cardExpiryDate', NULL, NULL, 0, 0, 0, 0, 0, NULL, 0, NULL),
(5166, 217, 1053, 'string', 0, NULL, NULL, NULL, 'transactionReference', NULL, NULL, 0, 0, 0, 0, 0, NULL, 0, NULL),
(5167, 217, 1054, 'string', 0, NULL, NULL, NULL, 'paymentAgreementId', NULL, NULL, 0, 0, 0, 0, 0, NULL, 0, NULL),
(5168, 217, 1055, 'string', 0, '<65', NULL, 'value should be < 65 characters string without spaces', 'lastName', NULL, NULL, 1, 0, 0, 0, 0, NULL, 0, NULL),
(5169, 217, 1056, NULL, 0, '<101', NULL, 'value should be < 101 alphanumeric characters', 'addressLine1', NULL, NULL, 0, 0, 0, 0, 0, NULL, 0, NULL),
(5170, 217, 1057, NULL, 0, '<101', NULL, 'value should be < 101 alphanumeric characters', 'addressLine2', NULL, NULL, 0, 0, 0, 0, 0, NULL, 0, NULL),
(5171, 217, 1152, 'string', 0, NULL, 'application/json', 'Value should be only application/json', 'Accept', NULL, NULL, 1, 0, 0, 0, 0, NULL, 0, NULL),
(5172, 217, 1552, 'string', 0, '', '', '', 'newPlanId', NULL, NULL, 0, 0, 0, 0, 0, NULL, 0, NULL),
(5173, 217, 1811, 'string', 0, '<65', NULL, 'Value should be <65 characters', 'fiscalCode', NULL, NULL, 0, 0, 0, 0, 0, NULL, 0, NULL),
(5174, 217, 1812, 'string', 0, '<64', NULL, NULL, 'idVersion', NULL, NULL, 0, 0, 0, 0, 0, NULL, 0, NULL),
(5175, 217, 1813, 'string', 0, NULL, '^((19|20)\\d\\d)-(0?[1-9]|1[012])-(0?[1-9]|[12][0-9]|3[01])$', 'Value should be in YYYY-MM-DD format', 'idIssueDate', NULL, NULL, 0, 0, 0, 0, 0, NULL, 0, NULL),
(5176, 217, 1814, 'string', 0, NULL, '^((19|20)\\d\\d)-(0?[1-9]|1[012])-(0?[1-9]|[12][0-9]|3[01])$', 'Value should be in YYYY-MM-DD format', 'idExpiryDate', NULL, NULL, 0, 0, 0, 0, 0, NULL, 0, NULL),
(5177, 217, 1815, 'string', 0, '<64', NULL, NULL, 'idIssuingEntity', NULL, NULL, 0, 0, 0, 0, 0, NULL, 0, NULL),
(5178, 217, 1816, 'string', 0, NULL, NULL, NULL, 'idCountryOfIssue', NULL, NULL, 0, 0, 0, 0, 0, NULL, 0, NULL),
(5179, 217, 1817, 'string', 0, '<64', NULL, NULL, 'idFirstName', NULL, NULL, 0, 0, 0, 0, 0, NULL, 0, NULL),
(5180, 217, 1818, 'string', 0, '<64', NULL, NULL, 'idLastName', NULL, NULL, 0, 0, 0, 0, 0, NULL, 0, NULL),
(5181, 217, 1819, 'string', 0, '<64', NULL, NULL, 'idStateOfIssue', NULL, NULL, 0, 0, 0, 0, 0, NULL, 0, NULL),
(5182, 217, 1820, 'string', 0, NULL, 'M|F|', NULL, 'gender', NULL, NULL, 0, 0, 0, 0, 0, NULL, 0, NULL),
(5183, 217, 1821, 'string', 0, '<64', NULL, NULL, 'visaNumber', NULL, NULL, 0, 0, 0, 0, 0, NULL, 0, NULL),
(5184, 217, 1822, 'string', 0, '<64', NULL, NULL, 'visaGrantNumber', NULL, NULL, 0, 0, 0, 0, 0, NULL, 0, NULL),
(5185, 217, 1823, 'string', 0, NULL, '^((19|20)\\d\\d)-(0?[1-9]|1[012])-(0?[1-9]|[12][0-9]|3[01])$', 'Value should be in YYYY-MM-DD format', 'visaExpiryDate', NULL, NULL, 0, 0, 0, 0, 0, NULL, 0, NULL),
(5186, 217, 1824, 'string', 0, '<64', NULL, NULL, 'nationality', NULL, NULL, 0, 0, 0, 0, 0, NULL, 0, NULL),
(5187, 217, 2141, 'string', 1, NULL, '[a-zA-Z ]+', 'Value should be string with no spaces', NULL, 'a330225c-d0c8-11e9-9dc7-0050568138a0', NULL, 1, 0, 0, 0, 0, NULL, 0, NULL),
(5188, 217, 2184, 'string', 1, NULL, '[a-zA-Z ]+', 'Value should be string with no spaces', 'access_token', '7e96ca42-e0e7-11e9-8bee-fe984cc15272', NULL, 1, 0, 0, 0, 0, NULL, 0, NULL),
(5189, 217, 2313, 'string', 1, NULL, '[a-zA-Z ]+', 'Value should be string with no spaces', NULL, 'application/json;charset=UTF-8', NULL, 1, 0, 0, 0, 0, NULL, 0, NULL),
(5190, 217, 2227, 'string', 1, NULL, NULL, NULL, NULL, 'userIdentifier', NULL, 1, 0, 0, 0, 0, NULL, 0, NULL),
(5191, 217, 2270, 'string', 1, NULL, NULL, NULL, 'userIdentifier', NULL, NULL, 1, 0, 0, 0, 0, NULL, 0, NULL),
(5192, 217, 4470, 'string', 0, NULL, NULL, NULL, 'requestId', NULL, NULL, 0, 0, 0, 0, 0, NULL, 0, NULL),
(5193, 217, 4531, 'string', 0, '', '\\d+\\.?\\d*', 'Value should be numeric', 'purchaseAmount', NULL, NULL, 0, 0, 1, 0, 0, NULL, 0, NULL),
(5194, 217, 4547, 'string', 0, NULL, NULL, NULL, NULL, '', NULL, 0, 0, 0, 0, 0, NULL, 0, NULL),
(5195, 217, 4548, 'string', 0, NULL, NULL, NULL, NULL, '', NULL, 0, 0, 0, 0, 0, NULL, 0, NULL),
(5196, 217, 4549, 'string', 0, NULL, 'DEMO|TRIAL|RETAIL|COMP', 'Value should be DEMO|TRIAL|RETAIL|COMP', 'planType', NULL, NULL, 1, 0, 0, 0, 0, NULL, 0, NULL),
(5257, 216, 1828, 'string', 0, '<65', NULL, 'value should be < 65 characters string without spaces', 'lastName', NULL, NULL, 1, 0, 0, 0, 0, NULL, 0, NULL),
(5258, 216, 1829, 'string', 0, '<21', NULL, 'value should be < 21 characters string', 'postalCode', NULL, NULL, 0, 0, 0, 0, 0, NULL, 0, NULL),
(5259, 216, 1830, 'string', 0, '<65', NULL, 'Value should be <65 characters', NULL, NULL, NULL, 0, 0, 0, 0, 0, NULL, 0, NULL),
(5260, 216, 1831, 'string', 0, NULL, NULL, NULL, NULL, 'true', NULL, 0, 0, 0, 0, 0, NULL, 0, NULL),
(5261, 216, 1832, 'string', 0, '<41', '[a-zA-Z0-9 ]+', 'Value should not contain special character', 'ban', NULL, NULL, 0, 0, 0, 0, 0, NULL, 0, NULL),
(5262, 216, 1833, 'string', 0, NULL, NULL, NULL, NULL, NULL, NULL, 0, 0, 0, 0, 0, NULL, 0, NULL),
(5263, 216, 1834, 'string', 0, '<21', NULL, 'value should be < 21 characters string', 'state', NULL, NULL, 0, 0, 0, 0, 0, NULL, 0, NULL),
(5264, 216, 1835, 'string', 0, NULL, NULL, NULL, NULL, NULL, NULL, 0, 0, 0, 0, 0, NULL, 0, NULL),
(5265, 216, 1836, 'string', 0, NULL, NULL, NULL, NULL, NULL, NULL, 0, 0, 0, 0, 0, NULL, 0, NULL),
(5266, 216, 1837, 'string', 0, '<36', NULL, 'value should be < 36 characters', 'city', NULL, NULL, 0, 0, 0, 0, 0, NULL, 0, NULL),
(5267, 216, 1838, 'string', 0, '=2', 'BR|AR|CO|CL|EC|PE|BO|UY|PY|AU|NZ|KP|SA|AE|KW|QA|BH|IN', 'Value should be iso code of country in two characters in capitals only', 'countryCode', NULL, NULL, 1, 0, 0, 0, 0, NULL, 0, NULL),
(5268, 216, 1839, 'string', 0, '<201', NULL, NULL, 'address', NULL, NULL, 0, 0, 0, 0, 0, NULL, 0, NULL),
(5269, 216, 1840, 'string', 0, NULL, NULL, NULL, NULL, NULL, NULL, 0, 0, 0, 0, 0, NULL, 0, NULL),
(5270, 216, 1841, 'string', 0, NULL, NULL, NULL, NULL, NULL, NULL, 0, 0, 0, 0, 0, NULL, 0, NULL),
(5271, 216, 1842, 'string', 0, '<101', NULL, 'value should be < 101 alphanumeric characters', 'addressLine1', NULL, NULL, 0, 0, 0, 0, 0, NULL, 0, NULL),
(5272, 216, 1843, 'string', 0, '<35', 'Mr|Mrs|Miss|Ms|Dr|Prof|Sir|السيد|السيدة|ملكة جمال|السيدة|الدكتور|البروفيسور|السير', 'Value should be less than 35 characters', 'title', NULL, NULL, 0, 0, 0, 0, 0, NULL, 0, NULL),
(5273, 216, 1844, 'string', 0, NULL, '^((19|20)\\d\\d)-(0?[1-9]|1[012])-(0?[1-9]|[12][0-9]|3[01])$', 'Value should be in YYYY-MM-DD format', NULL, NULL, NULL, 0, 0, 0, 0, 0, NULL, 0, NULL),
(5274, 216, 1845, 'string', 0, NULL, 'en-UK|en-AU|ko-KP|ar-SA|pt-BR|es-MX', 'Value should be one of this (en-UK, en-AU, ko-KP, ar-SA, pt-BR, es-MX)', NULL, NULL, NULL, 0, 0, 0, 0, 0, NULL, 0, NULL),
(5275, 216, 1846, 'string', 0, '<65', NULL, 'value should be < 65 characters string without spaces', 'firstName', NULL, NULL, 1, 0, 0, 0, 0, NULL, 0, NULL),
(5276, 216, 1849, 'string', 0, '>0', '^[^-s][a-zA-Z0-9_|s-]+$', 'Value should not start with space', 'requestId', NULL, NULL, 1, 0, 0, 0, 0, NULL, 0, NULL),
(5277, 216, 1850, 'string', 0, '>0', '^(https?|ftp|file)://[-a-zA-Z0-9+&@#/%?=~_|!:,.;]*[-a-zA-Z0-9+&@#/%=~_|]', 'Value should be in proper url format', 'returnUrl', NULL, NULL, 1, 0, 0, 0, 0, NULL, 0, NULL),
(5278, 216, 1851, 'string', 0, NULL, 'application/json', 'Value should be only application/json', 'Accept', NULL, NULL, 1, 0, 0, 0, 0, NULL, 0, NULL),
(5279, 216, 1852, 'string', 0, NULL, 'en-US|en-UK|en-AU|ko-KP|ar-SA|pt-BR|es-MX', 'Value should be one of this ( en-US,en-UK, en-AU, ko-KP, ar-SA, pt-BR, es-MX)', 'preferredLanguageCode', NULL, NULL, 1, 0, 0, 0, 0, NULL, 0, NULL),
(5280, 216, 1853, 'string', 0, '<16', '([+][0-9]{1,}[\\s])?[0-9]{1,}', 'value should be < 16 characters', 'mobilePhone', NULL, NULL, 1, 0, 0, 0, 0, NULL, 0, NULL),
(5281, 216, 1854, 'string', 0, '<255', NULL, 'Value should be <255 characters', 'emailAddress', NULL, NULL, 1, 0, 0, 0, 0, NULL, 0, NULL),
(5282, 216, 1855, 'string', 0, '<101', NULL, 'value should be < 101 alphanumeric characters', 'addressLine2', NULL, NULL, 0, 0, 0, 0, 0, NULL, 0, NULL),
(5283, 216, 1856, 'string', 0, NULL, NULL, NULL, 'ban', NULL, NULL, 0, 0, 0, 0, 0, NULL, 0, NULL),
(5284, 216, 1875, 'string', 0, '<21', '[0-9]+', 'value should be < 21 numeric characters', 'msisdn', NULL, NULL, 1, 0, 0, 0, 0, NULL, 0, NULL),
(5285, 216, 1876, 'string', 0, '<21', '[0-9]{19,20}', 'Value should be less than 21 digit numeric only', 'iccid', NULL, NULL, 1, 0, 0, 0, 0, NULL, 0, NULL),
(5286, 216, 1877, 'string', 0, '<21', '[0-9]+', 'value should be < 21 numeric characters', 'imsi', NULL, NULL, 1, 0, 0, 0, 0, NULL, 0, NULL),
(5287, 216, 2132, 'string', 1, NULL, '^[^-s][a-zA-Z0-9_|s-]+$', 'Value should be string with no spaces', 'requestId', NULL, NULL, 1, 0, 1, 0, 0, NULL, 0, NULL),
(5288, 216, 2175, 'string', 1, NULL, '[a-zA-Z ]+', 'Value should be string with no spaces', NULL, 'a330225c-d0c8-11e9-9dc7-0050568138a0', NULL, 1, 0, 1, 0, 0, NULL, 0, NULL),
(5289, 216, 2218, 'string', 1, NULL, '[a-zA-Z ]+', 'Value should be string with no spaces', 'access_token', '7e96ca42-e0e7-11e9-8bee-fe984cc15272', NULL, 1, 0, 1, 0, 0, NULL, 0, NULL),
(5290, 216, 2261, 'string', 1, NULL, NULL, NULL, NULL, 'userIdentifier', NULL, 1, 0, 1, 0, 0, NULL, 0, NULL),
(5291, 216, 2304, 'string', 1, NULL, NULL, NULL, 'userIdentifier', NULL, NULL, 1, 0, 1, 0, 0, NULL, 0, NULL),
(5292, 216, 2347, 'string', 1, NULL, '[a-zA-Z ]+', 'Value should be string with no spaces', NULL, 'application/json;charset=UTF-8', NULL, 1, 0, 1, 0, 0, NULL, 0, NULL),
(5293, 216, 4500, 'string', 0, NULL, NULL, NULL, 'requestId', NULL, NULL, 0, 0, 0, 0, 0, NULL, 0, NULL),
(5320, 218, 1828, 'string', 0, '<65', NULL, 'value should be < 65 characters string without spaces', 'lastName', NULL, NULL, 1, 0, 0, 0, 0, NULL, 0, NULL),
(5321, 218, 1829, 'string', 0, '<21', NULL, 'value should be < 21 characters string', 'postalCode', NULL, NULL, 0, 0, 0, 0, 0, NULL, 0, NULL),
(5322, 218, 1830, 'string', 0, '<65', NULL, 'Value should be <65 characters', NULL, NULL, NULL, 0, 0, 0, 0, 0, NULL, 0, NULL),
(5323, 218, 1831, 'string', 0, NULL, NULL, NULL, NULL, 'true', NULL, 0, 0, 0, 0, 0, NULL, 0, NULL),
(5324, 218, 1832, 'string', 0, '<41', '[a-zA-Z0-9 ]+', 'Value should not contain special character', 'ban', NULL, NULL, 0, 0, 0, 0, 0, NULL, 0, NULL),
(5325, 218, 1833, 'string', 0, NULL, NULL, NULL, NULL, NULL, NULL, 0, 0, 0, 0, 0, NULL, 0, NULL),
(5326, 218, 1834, 'string', 0, '<21', NULL, 'value should be < 21 characters string', 'state', NULL, NULL, 0, 0, 0, 0, 0, NULL, 0, NULL),
(5327, 218, 1835, 'string', 0, NULL, NULL, NULL, NULL, NULL, NULL, 0, 0, 0, 0, 0, NULL, 0, NULL),
(5328, 218, 1836, 'string', 0, NULL, NULL, NULL, NULL, NULL, NULL, 0, 0, 0, 0, 0, NULL, 0, NULL),
(5329, 218, 1837, 'string', 0, '<36', NULL, 'value should be < 36 characters', 'city', NULL, NULL, 0, 0, 0, 0, 0, NULL, 0, NULL),
(5330, 218, 1838, 'string', 0, '=2', 'BR|AR|CO|CL|EC|PE|BO|UY|PY|AU|NZ|KP|SA|AE|KW|QA|BH|IN', 'Value should be iso code of country in two characters in capitals only', 'countryCode', NULL, NULL, 1, 0, 0, 0, 0, NULL, 0, NULL),
(5331, 218, 1839, 'string', 0, '<201', NULL, NULL, 'address', NULL, NULL, 0, 0, 0, 0, 0, NULL, 0, NULL),
(5332, 218, 1840, 'string', 0, NULL, NULL, NULL, NULL, NULL, NULL, 0, 0, 0, 0, 0, NULL, 0, NULL),
(5333, 218, 1841, 'string', 0, NULL, NULL, NULL, NULL, NULL, NULL, 0, 0, 0, 0, 0, NULL, 0, NULL),
(5334, 218, 1842, 'string', 0, '<101', NULL, 'value should be < 101 alphanumeric characters', 'addressLine1', NULL, NULL, 0, 0, 0, 0, 0, NULL, 0, NULL),
(5335, 218, 1843, 'string', 0, '<35', 'Mr|Mrs|Miss|Ms|Dr|Prof|Sir|السيد|السيدة|ملكة جمال|السيدة|الدكتور|البروفيسور|السير', 'Value should be less than 35 characters', 'title', NULL, NULL, 0, 0, 0, 0, 0, NULL, 0, NULL),
(5336, 218, 1844, 'string', 0, NULL, '^((19|20)\\d\\d)-(0?[1-9]|1[012])-(0?[1-9]|[12][0-9]|3[01])$', 'Value should be in YYYY-MM-DD format', NULL, NULL, NULL, 0, 0, 0, 0, 0, NULL, 0, NULL),
(5337, 218, 1845, 'string', 0, NULL, 'en-UK|en-AU|ko-KP|ar-SA|pt-BR|es-MX', 'Value should be one of this (en-UK, en-AU, ko-KP, ar-SA, pt-BR, es-MX)', NULL, NULL, NULL, 0, 0, 0, 0, 0, NULL, 0, NULL),
(5338, 218, 1846, 'string', 0, '<65', NULL, 'value should be < 65 characters string without spaces', 'firstName', NULL, NULL, 1, 0, 0, 0, 0, NULL, 0, NULL),
(5339, 218, 1849, 'string', 0, '>0', '^[^-s][a-zA-Z0-9_|s-]+$', 'Value should not start with space', 'requestId', NULL, NULL, 1, 0, 0, 0, 0, NULL, 0, NULL),
(5340, 218, 1850, 'string', 0, '>0', '^(https?|ftp|file)://[-a-zA-Z0-9+&@#/%?=~_|!:,.;]*[-a-zA-Z0-9+&@#/%=~_|]', 'Value should be in proper url format', 'returnUrl', NULL, NULL, 1, 0, 0, 0, 0, NULL, 0, NULL),
(5341, 218, 1851, 'string', 0, NULL, 'application/json', 'Value should be only application/json', 'Accept', NULL, NULL, 1, 0, 0, 0, 0, NULL, 0, NULL),
(5342, 218, 1852, 'string', 0, NULL, 'en-US|en-UK|en-AU|ko-KP|ar-SA|pt-BR|es-MX', 'Value should be one of this ( en-US,en-UK, en-AU, ko-KP, ar-SA, pt-BR, es-MX)', 'preferredLanguageCode', NULL, NULL, 1, 0, 0, 0, 0, NULL, 0, NULL),
(5343, 218, 1853, 'string', 0, '<16', '([+][0-9]{1,}[\\s])?[0-9]{1,}', 'value should be < 16 characters', 'mobilePhone', NULL, NULL, 1, 0, 0, 0, 0, NULL, 0, NULL),
(5344, 218, 1854, 'string', 0, '<255', NULL, 'Value should be <255 characters', 'emailAddress', NULL, NULL, 1, 0, 0, 0, 0, NULL, 0, NULL),
(5345, 218, 1855, 'string', 0, '<101', NULL, 'value should be < 101 alphanumeric characters', 'addressLine2', NULL, NULL, 0, 0, 0, 0, 0, NULL, 0, NULL),
(5346, 218, 1856, 'string', 0, NULL, NULL, NULL, 'ban', NULL, NULL, 0, 0, 0, 0, 0, NULL, 0, NULL),
(5347, 218, 1875, 'string', 0, '<21', '[0-9]+', 'value should be < 21 numeric characters', 'msisdn', NULL, NULL, 1, 0, 0, 0, 0, NULL, 0, NULL),
(5348, 218, 1876, 'string', 0, '<21', '[0-9]{19,20}', 'Value should be less than 21 digit numeric only', 'iccid', NULL, NULL, 1, 0, 0, 0, 0, NULL, 0, NULL),
(5349, 218, 1877, 'string', 0, '<21', '[0-9]+', 'value should be < 21 numeric characters', 'imsi', NULL, NULL, 1, 0, 0, 0, 0, NULL, 0, NULL),
(5350, 218, 2132, 'string', 1, NULL, '^[^-s][a-zA-Z0-9_|s-]+$', 'Value should be string with no spaces', 'requestId', NULL, NULL, 1, 0, 1, 0, 0, NULL, 0, NULL),
(5351, 218, 2175, 'string', 1, NULL, '[a-zA-Z ]+', 'Value should be string with no spaces', NULL, 'a330225c-d0c8-11e9-9dc7-0050568138a0', NULL, 1, 0, 1, 0, 0, NULL, 0, NULL),
(5352, 218, 2218, 'string', 1, NULL, '[a-zA-Z ]+', 'Value should be string with no spaces', 'access_token', '7e96ca42-e0e7-11e9-8bee-fe984cc15272', NULL, 1, 0, 1, 0, 0, NULL, 0, NULL),
(5353, 218, 2261, 'string', 1, NULL, NULL, NULL, NULL, 'userIdentifier', NULL, 1, 0, 1, 0, 0, NULL, 0, NULL),
(5354, 218, 2304, 'string', 1, NULL, NULL, NULL, 'userIdentifier', NULL, NULL, 1, 0, 1, 0, 0, NULL, 0, NULL),
(5355, 218, 2347, 'string', 1, NULL, '[a-zA-Z ]+', 'Value should be string with no spaces', NULL, 'application/json;charset=UTF-8', NULL, 1, 0, 1, 0, 0, NULL, 0, NULL),
(5356, 218, 4500, 'string', 0, NULL, NULL, NULL, 'requestId', NULL, NULL, 0, 0, 0, 0, 0, NULL, 0, NULL),
(5383, 219, 4550, 'string', 0, '<41', '[a-zA-Z0-9 ]+', 'Value should not contain special character', 'userIdentifier', NULL, NULL, 1, 0, 0, 0, 0, NULL, 0, NULL),
(5384, 219, 4551, 'string', 0, NULL, 'application/json', 'Value should be only application/json', 'Accept', NULL, NULL, 1, 0, 0, 0, 0, NULL, 0, NULL),
(5385, 219, 4552, 'string', 1, NULL, '^[^-s][a-zA-Z0-9_|s-]+$', 'Value should be string with no spaces', 'requestId', NULL, NULL, 1, 0, 1, 0, 0, NULL, 0, NULL),
(5386, 219, 4553, 'string', 1, NULL, '[a-zA-Z ]+', 'Value should be string with no spaces', NULL, 'a330225c-d0c8-11e9-9dc7-0050568138a0', NULL, 1, 0, 1, 0, 0, NULL, 0, NULL),
(5387, 219, 4554, 'string', 1, NULL, '[a-zA-Z ]+', 'Value should be string with no spaces', 'access_token', '7e96ca42-e0e7-11e9-8bee-fe984cc15272', NULL, 1, 0, 1, 0, 0, NULL, 0, NULL),
(5388, 219, 4555, 'string', 1, NULL, NULL, NULL, NULL, 'userIdentifier', NULL, 1, 0, 1, 0, 0, NULL, 0, NULL),
(5389, 219, 4556, 'string', 1, NULL, NULL, NULL, 'userIdentifier', NULL, NULL, 1, 0, 1, 0, 0, NULL, 0, NULL),
(5390, 219, 4557, 'string', 1, NULL, '[a-zA-Z ]+', 'Value should be string with no spaces', NULL, 'application/json;charset=UTF-8', NULL, 1, 0, 1, 0, 0, NULL, 0, NULL),
(5391, 219, 4558, 'string', 0, NULL, NULL, NULL, 'requestId', NULL, NULL, 0, 0, 0, 0, 0, NULL, 0, NULL);

--
-- Inserting data into table notification
--
INSERT INTO notification(id, name, api_id, notification_api, api_type) VALUES
(115, 'Add Order Demo', 148, NULL, NULL),
(116, 'v2_add order', 57, NULL, 'REST'),
(117, 'v3_add order', 57, NULL, 'REST');


--
-- Inserting data into table inherit_notification
--
INSERT INTO inherit_notification(id, api_api_group_id, notification_id) VALUES
(53, 214, 115),
(54, 215, 116),
(55, 217, 117);


--
-- Inserting data into table inherit_notification_template
--
INSERT INTO inherit_notification_template(id, template, inherit_notification_id, response_code, is_response, get_response_key, set_response_key, response_http_code) VALUES
(919, '[{"notification_type":"webhook","api_url":"<returnUrl>/carrierInboundGateway/v2/subscribers/<userIdentifier>/events/orderAdded","method_type":"POST","notification_id":"@tracking_message_header","table_name":"","table_parameter":"","header_parameter":"{''Authorization'':''Basic SmVyc2V5IFRlbGVjb206T25zdGFyITUw''}","db_driver":"com.mysql.jdbc.Driver","api_type":"REST","db_url":"","end_node_name":"true","end_node_ip":"127.0.0.1","api_goup_id":"@api_group_id","api_id":"@api_id","body_parameter":"{''requestId'':''<requestIdMsg>'',''eventStatus'':{''code'':''0'',''description'':''Success''},''deviceDetails'':{''iccid'':''<iccid>'',''imsi'':''<imsi>'',''msisdn'':''<msisdn>''},''orderDetails'':{''planId'':''<newPlanId>'',''orderId'':''<userPurchaseId>'',''effectiveDate'':''<created>'',''instanceId'':''1'',''paymentDetails'':{''currency'':''<currency>'',''purchaseAmount'':''<purchaseAmount>'',''purchaseVatRate'':''0.0'',''purchaseVatAmount'':''0.0''}}}"}]', 53, '200', NULL, NULL, NULL, NULL),
(921, '[{"notification_type":"webhook","api_url":"<returnUrl>/subscribers/<userIdentifier>/events/orderAdded","method_type":"POST","notification_id":"@tracking_message_header","table_name":"","table_parameter":"","header_parameter":"{''Authorization'':''Basic SmVyc2V5IFRlbGVjb206T25zdGFyITUw''}","db_driver":"com.mysql.jdbc.Driver","api_type":"REST","db_url":"","end_node_name":"true","end_node_ip":"127.0.0.1","api_goup_id":"@api_group_id","api_id":"@api_id","body_parameter":"{''requestId'':''<requestIdMsg>'',''eventStatus'': {''code'':''CMN-INB002'', ''description'':''Downstream System Error: [101]: [Invalid credentials]''},  ''deviceDetails'': {''iccid'':''<iccid>'',''imsi'':''<imsi>'',''msisdn'':''<msisdn>'' },  ''orderDetails'': {''planId'':''<newPlanId>'', ''orderId'':''<userPurchaseId>'',''effectiveDate'':''<created>'',''instanceId'':''1''      }}"}]', 54, '101', NULL, NULL, NULL, NULL),
(922, '[{"notification_type":"webhook","api_url":"<returnUrl>/subscribers/<userIdentifier>/events/orderAdded","method_type":"POST","notification_id":"@tracking_message_header","table_name":"","table_parameter":"","header_parameter":"{''Authorization'':''Basic SmVyc2V5IFRlbGVjb206T25zdGFyITUw''}","db_driver":"com.mysql.jdbc.Driver","api_type":"REST","db_url":"","end_node_name":"true","end_node_ip":"127.0.0.1","api_goup_id":"@api_group_id","api_id":"@api_id","body_parameter":"{''requestId'':''<requestIdMsg>'',''eventStatus'': {''code'':''CMN-INB002'', ''description'':''Downstream System Error: [102]: [Invalid token]''},  ''deviceDetails'': {''iccid'':''<iccid>'',''imsi'':''<imsi>'',''msisdn'':''<msisdn>'' },  ''servicePlan'': {''planId'':''<newPlanId>'', ''orderId'':''<userPurchaseId>'',''effectiveDate'':''<created>'',''instanceId'':''1''      }}"}]', 54, '102', NULL, NULL, NULL, NULL),
(923, '[{"notification_type":"webhook","api_url":"<returnUrl>/subscribers/<userIdentifier>/events/orderAdded","method_type":"POST","notification_id":"@tracking_message_header","table_name":"","table_parameter":"","header_parameter":"{''Authorization'':''Basic SmVyc2V5IFRlbGVjb206T25zdGFyITUw''}","db_driver":"com.mysql.jdbc.Driver","api_type":"REST","db_url":"","end_node_name":"true","end_node_ip":"127.0.0.1","api_goup_id":"@api_group_id","api_id":"@api_id","body_parameter":"{''requestId'':''<requestIdMsg>'',''eventStatus'': {''code'':''CMN-INB002'', ''description'':''Downstream System Error: [103]: [Expired token]''},  ''deviceDetails'': {''iccid'':''<iccid>'',''imsi'':''<imsi>'',''msisdn'':''<msisdn>'' },  ''servicePlan'': {''planId'':''<newPlanId>'', ''orderId'':''<userPurchaseId>'',''effectiveDate'':''<created>'',''instanceId'':''1''      }}"}]', 54, '103', NULL, NULL, NULL, NULL),
(924, '[{"notification_type":"webhook","api_url":"<returnUrl>/subscribers/<userIdentifier>/events/orderAdded","method_type":"POST","notification_id":"@tracking_message_header","table_name":"","table_parameter":"","header_parameter":"{''Authorization'':''Basic SmVyc2V5IFRlbGVjb206T25zdGFyITUw''}","db_driver":"com.mysql.jdbc.Driver","api_type":"REST","db_url":"","end_node_name":"true","end_node_ip":"127.0.0.1","api_goup_id":"@api_group_id","api_id":"@api_id","body_parameter":"{''requestId'':''<requestIdMsg>'',''eventStatus'': {''code'':''CMN-INB002'', ''description'':''Downstream System Error: [104]: [Restricted operation]''},  ''deviceDetails'': {''iccid'':''<iccid>'',''imsi'':''<imsi>'',''msisdn'':''<msisdn>'' },  ''servicePlan'': {''planId'':''<newPlanId>'', ''orderId'':''<userPurchaseId>'',''effectiveDate'':''<created>'',''instanceId'':''1''      }}"}]', 54, '104', NULL, NULL, NULL, NULL),
(925, '[{"notification_type":"webhook","api_url":"<returnUrl>/subscribers/<userIdentifier>/events/orderAdded","method_type":"POST","notification_id":"@tracking_message_header","table_name":"","table_parameter":"","header_parameter":"{''Authorization'':''Basic SmVyc2V5IFRlbGVjb206T25zdGFyITUw''}","db_driver":"com.mysql.jdbc.Driver","api_type":"REST","db_url":"","end_node_name":"true","end_node_ip":"127.0.0.1","api_goup_id":"@api_group_id","api_id":"@api_id","body_parameter":"{''requestId'':''<requestIdMsg>'',''eventStatus'': {''code'':''CMN-INB002'', ''description'':''Downstream System Error: [106]: [External party call was unsuccessful]''},  ''deviceDetails'': {''iccid'':''<iccid>'',''imsi'':''<imsi>'',''msisdn'':''<msisdn>'' },  ''servicePlan'': {''planId'':''<newPlanId>'', ''orderId'':''<userPurchaseId>'',''effectiveDate'':''<created>'',''instanceId'':''1''      }}"}]', 54, '106', NULL, NULL, NULL, NULL),
(926, '[{"notification_type":"webhook","api_url":"<returnUrl>/subscribers/<userIdentifier>/events/orderAdded","method_type":"POST","notification_id":"@tracking_message_header","table_name":"","table_parameter":"","header_parameter":"{''Authorization'':''Basic SmVyc2V5IFRlbGVjb206T25zdGFyITUw''}","db_driver":"com.mysql.jdbc.Driver","api_type":"REST","db_url":"","end_node_name":"true","end_node_ip":"127.0.0.1","api_goup_id":"@api_group_id","api_id":"@api_id","body_parameter":"{''requestId'':''<requestIdMsg>'',''eventStatus'': {''code'':''CMN-INB002'', ''description'':''Downstream System Error: [109]: [Malformed request object]''},  ''deviceDetails'': {''iccid'':''<iccid>'',''imsi'':''<imsi>'',''msisdn'':''<msisdn>'' },  ''servicePlan'': {''planId'':''<newPlanId>'', ''orderId'':''<userPurchaseId>'',''effectiveDate'':''<created>'',''instanceId'':''1''      }}"}]', 54, '109', NULL, NULL, NULL, NULL),
(927, '[{"notification_type":"webhook","api_url":"<returnUrl>/subscribers/<userIdentifier>/events/orderAdded","method_type":"POST","notification_id":"@tracking_message_header","table_name":"","table_parameter":"","header_parameter":"{''Authorization'':''Basic SmVyc2V5IFRlbGVjb206T25zdGFyITUw''}","db_driver":"com.mysql.jdbc.Driver","api_type":"REST","db_url":"","end_node_name":"true","end_node_ip":"127.0.0.1","api_goup_id":"@api_group_id","api_id":"@api_id","body_parameter":"{''requestId'':''<requestIdMsg>'',''eventStatus'':{''code'':''0'',''description'':''Success''},''deviceDetails'':{''iccid'':''<iccid>'',''imsi'':''<imsi>'',''msisdn'':''<msisdn>''},''orderDetails'':{''planId'':''<newPlanId>'',''orderId'':''<userPurchaseId>'',''effectiveDate'':''<created>'',''instanceId'':''1''}}"}]', 54, '200', NULL, NULL, NULL, NULL),
(928, '[{"notification_type":"webhook","api_url":"<returnUrl>/subscribers/<userIdentifier>/events/orderAdded","method_type":"POST","notification_id":"@tracking_message_header","table_name":"","table_parameter":"","header_parameter":"{''Authorization'':''Basic SmVyc2V5IFRlbGVjb206T25zdGFyITUw''}","db_driver":"com.mysql.jdbc.Driver","api_type":"REST","db_url":"","end_node_name":"true","end_node_ip":"127.0.0.1","api_goup_id":"@api_group_id","api_id":"@api_id","body_parameter":"{''requestId'':''<requestIdMsg>'',''eventStatus'': {''code'':''CMN-INB002'', ''description'':''Downstream System Error: [300]: [There is no started session, please log in correctly]''},  ''deviceDetails'': {''iccid'':''<iccid>'',''imsi'':''<imsi>'',''msisdn'':''<msisdn>'' },  ''servicePlan'': {''planId'':''<newPlanId>'', ''orderId'':''<userPurchaseId>'',''effectiveDate'':''<created>'',''instanceId'':''1''      }}"}]', 54, '300', NULL, NULL, NULL, NULL),
(929, '[{"notification_type":"webhook","api_url":"<returnUrl>/subscribers/<userIdentifier>/events/orderAdded","method_type":"POST","notification_id":"@tracking_message_header","table_name":"","table_parameter":"","header_parameter":"{''Authorization'':''Basic SmVyc2V5IFRlbGVjb206T25zdGFyITUw''}","db_driver":"com.mysql.jdbc.Driver","api_type":"REST","db_url":"","end_node_name":"true","end_node_ip":"127.0.0.1","api_goup_id":"@api_group_id","api_id":"@api_id","body_parameter":"{''requestId'':''<requestIdMsg>'',''eventStatus'': {''code'':''CMN-INB002'', ''description'':''Downstream System Error: [301]: [Session was stopeed, please log in]''},  ''deviceDetails'': {''iccid'':''<iccid>'',''imsi'':''<imsi>'',''msisdn'':''<msisdn>'' },  ''servicePlan'': {''planId'':''<newPlanId>'', ''orderId'':''<userPurchaseId>'',''effectiveDate'':''<created>'',''instanceId'':''1''      }}"}]', 54, '301', NULL, NULL, NULL, NULL),
(930, '[{"notification_type":"webhook","api_url":"<returnUrl>/subscribers/<userIdentifier>/events/orderAdded","method_type":"POST","notification_id":"@tracking_message_header","table_name":"","table_parameter":"","header_parameter":"{''Authorization'':''Basic SmVyc2V5IFRlbGVjb206T25zdGFyITUw''}","db_driver":"com.mysql.jdbc.Driver","api_type":"REST","db_url":"","end_node_name":"true","end_node_ip":"127.0.0.1","api_goup_id":"@api_group_id","api_id":"@api_id","body_parameter":"{''requestId'':''<requestIdMsg>'',''eventStatus'': {''code'':''ORA003'', ''Downstream System Error: [505]: [User was not found by provided parameters]''},  ''deviceDetails'': {''iccid'':''<iccid>'',''imsi'':''<imsi>'',''msisdn'':''<msisdn>'' },  ''servicePlan'': {''planId'':''<newPlanId>'', ''orderId'':''<userPurchaseId>'',''effectiveDate'':''<created>'',''instanceId'':''1''      }}"}]', 54, '505', NULL, NULL, NULL, NULL),
(931, '[{"notification_type":"webhook","api_url":"<returnUrl>/subscribers/<userIdentifier>/events/orderAdded","method_type":"POST","notification_id":"@tracking_message_header","table_name":"","table_parameter":"","header_parameter":"{''Authorization'':''Basic SmVyc2V5IFRlbGVjb206T25zdGFyITUw''}","db_driver":"com.mysql.jdbc.Driver","api_type":"REST","db_url":"","end_node_name":"true","end_node_ip":"127.0.0.1","api_goup_id":"@api_group_id","api_id":"@api_id","body_parameter":"{''requestId'':''<requestIdMsg>'',''eventStatus'': {''code'':''CMN-INB002'', ''description'':''Downstream System Error: [618]: [Invalid login data]''},  ''deviceDetails'': {''iccid'':''<iccid>'',''imsi'':''<imsi>'',''msisdn'':''<msisdn>'' },  ''servicePlan'': {''planId'':''<newPlanId>'', ''orderId'':''<userPurchaseId>'',''effectiveDate'':''<created>'',''instanceId'':''1''      }}"}]', 54, '618', NULL, NULL, NULL, NULL),
(932, '[{"notification_type":"webhook","api_url":"<returnUrl>/subscribers/<userIdentifier>/events/orderAdded","method_type":"POST","notification_id":"@tracking_message_header","table_name":"","table_parameter":"","header_parameter":"{''Authorization'':''Basic SmVyc2V5IFRlbGVjb206T25zdGFyITUw''}","db_driver":"com.mysql.jdbc.Driver","api_type":"REST","db_url":"","end_node_name":"true","end_node_ip":"127.0.0.1","api_goup_id":"@api_group_id","api_id":"@api_id","body_parameter":"{''requestId'':''<requestIdMsg>'',''eventStatus'': {''code'':''ORA001'', ''description'':''Invalid Parameter: [ParameterName]  Value not supported''},  ''deviceDetails'': {''iccid'':''<iccid>'',''imsi'':''<imsi>'',''msisdn'':''<msisdn>'' },  ''servicePlan'': {''planId'':''<newPlanId>'', ''orderId'':''<userPurchaseId>'',''effectiveDate'':''<created>'',''instanceId'':''1''      }}"}]', 54, '631', NULL, NULL, NULL, NULL),
(933, '[{"notification_type":"webhook","api_url":"<returnUrl>/subscribers/<userIdentifier>/events/orderAdded","method_type":"POST","notification_id":"@tracking_message_header","table_name":"","table_parameter":"","header_parameter":"{''Authorization'':''Basic SmVyc2V5IFRlbGVjb206T25zdGFyITUw''}","db_driver":"com.mysql.jdbc.Driver","api_type":"REST","db_url":"","end_node_name":"true","end_node_ip":"127.0.0.1","api_goup_id":"@api_group_id","api_id":"@api_id","body_parameter":"{''requestId'':''<requestIdMsg>'',''eventStatus'': {''code'':''ORA001'', ''description'':''Invalid Parameter: [ParameterName]  Value not supported''},  ''deviceDetails'': {''iccid'':''<iccid>'',''imsi'':''<imsi>'',''msisdn'':''<msisdn>'' },  ''servicePlan'': {''planId'':''<newPlanId>'', ''orderId'':''<userPurchaseId>'',''effectiveDate'':''<created>'',''instanceId'':''1''      }}"}]', 54, '633', NULL, NULL, NULL, NULL),
(934, '[{"notification_type":"webhook","api_url":"<returnUrl>/subscribers/<userIdentifier>/events/orderAdded","method_type":"POST","notification_id":"@tracking_message_header","table_name":"","table_parameter":"","header_parameter":"{''Authorization'':''Basic SmVyc2V5IFRlbGVjb206T25zdGFyITUw''}","db_driver":"com.mysql.jdbc.Driver","api_type":"REST","db_url":"","end_node_name":"true","end_node_ip":"127.0.0.1","api_goup_id":"@api_group_id","api_id":"@api_id","body_parameter":"{''requestId'':''<requestIdMsg>'',''eventStatus'': {''code'':''ORA001'', ''description'':''Invalid Parameter: [ParameterName]  Value not supported''},  ''deviceDetails'': {''iccid'':''<iccid>'',''imsi'':''<imsi>'',''msisdn'':''<msisdn>'' },  ''servicePlan'': {''planId'':''<newPlanId>'', ''orderId'':''<userPurchaseId>'',''effectiveDate'':''<created>'',''instanceId'':''1''      }}"}]', 54, '634', NULL, NULL, NULL, NULL),
(935, '[{"notification_type":"webhook","api_url":"<returnUrl>/subscribers/<userIdentifier>/events/orderAdded","method_type":"POST","notification_id":"@tracking_message_header","table_name":"","table_parameter":"","header_parameter":"{''Authorization'':''Basic SmVyc2V5IFRlbGVjb206T25zdGFyITUw''}","db_driver":"com.mysql.jdbc.Driver","api_type":"REST","db_url":"","end_node_name":"true","end_node_ip":"127.0.0.1","api_goup_id":"@api_group_id","api_id":"@api_id","body_parameter":"{''requestId'':''<requestIdMsg>'',''eventStatus'': {''code'':''CMN-INB002'', ''description'':''Downstream System Error: [642]: [Entry was not found by provided  identifier]''},  ''deviceDetails'': {''iccid'':''<iccid>'',''imsi'':''<imsi>'',''msisdn'':''<msisdn>'' },  ''servicePlan'': {''planId'':''<newPlanId>'', ''orderId'':''<userPurchaseId>'',''effectiveDate'':''<created>'',''instanceId'':''1''      }}"}]', 54, '642', NULL, NULL, NULL, NULL),
(936, '[{"notification_type":"webhook","api_url":"<returnUrl>/subscribers/<userIdentifier>/events/orderAdded","method_type":"POST","notification_id":"@tracking_message_header","table_name":"","table_parameter":"","header_parameter":"{''Authorization'':''Basic SmVyc2V5IFRlbGVjb206T25zdGFyITUw''}","db_driver":"com.mysql.jdbc.Driver","api_type":"REST","db_url":"","end_node_name":"true","end_node_ip":"127.0.0.1","api_goup_id":"@api_group_id","api_id":"@api_id","body_parameter":"{''requestId'':''<requestIdMsg>'',''eventStatus'': {''code'':''ORA003'', ''description'':''Data Not Found : [externalExtraPassId]''},  ''deviceDetails'': {''iccid'':''<iccid>'',''imsi'':''<imsi>'',''msisdn'':''<msisdn>'' },  ''servicePlan'': {''planId'':''<newPlanId>'', ''orderId'':''<userPurchaseId>'',''effectiveDate'':''<created>'',''instanceId'':''1''      }}"}]', 54, '658', NULL, NULL, NULL, NULL),
(937, '[{"notification_type":"webhook","api_url":"<returnUrl>/subscribers/<userIdentifier>/events/orderAdded","method_type":"POST","notification_id":"@tracking_message_header","table_name":"","table_parameter":"","header_parameter":"{''Authorization'':''Basic SmVyc2V5IFRlbGVjb206T25zdGFyITUw''}","db_driver":"com.mysql.jdbc.Driver","api_type":"REST","db_url":"","end_node_name":"true","end_node_ip":"127.0.0.1","api_goup_id":"@api_group_id","api_id":"@api_id","body_parameter":"{''requestId'':''<requestIdMsg>'',''eventStatus'': {''code'':''ORA003'', ''description'':''Data Not Found : [external extrapass]''},  ''deviceDetails'': {''iccid'':''<iccid>'',''imsi'':''<imsi>'',''msisdn'':''<msisdn>'' },  ''orderDetails'': {''planId'':''<newPlanId>'', ''orderId'':''<userPurchaseId>'',''effectiveDate'':''<created>'',''instanceId'':''1''      }}"}]', 54, '664', NULL, NULL, NULL, NULL),
(938, '[{"notification_type":"webhook","api_url":"<returnUrl>/subscribers/<userIdentifier>/events/orderAdded","method_type":"POST","notification_id":"@tracking_message_header","table_name":"","table_parameter":"","header_parameter":"{''Authorization'':''Basic SmVyc2V5IFRlbGVjb206T25zdGFyITUw''}","db_driver":"com.mysql.jdbc.Driver","api_type":"REST","db_url":"","end_node_name":"true","end_node_ip":"127.0.0.1","api_goup_id":"@api_group_id","api_id":"@api_id","body_parameter":"{''requestId'':''<requestIdMsg>'',''eventStatus'': {''code'':''CMN-INB002'', ''description'':''Downstream System Error: [800]: [Unable to process order transaction]''},  ''deviceDetails'': {''iccid'':''<iccid>'',''imsi'':''<imsi>'',''msisdn'':''<msisdn>'' },  ''servicePlan'': {''planId'':''<newPlanId>'', ''orderId'':''<userPurchaseId>'',''effectiveDate'':''<created>'',''instanceId'':''1''      }}"}]', 54, '800', NULL, NULL, NULL, NULL),
(939, '[{"notification_type":"webhook","api_url":"<returnUrl>/subscribers/<userIdentifier>/events/orderAdded","method_type":"POST","notification_id":"@tracking_message_header","table_name":"","table_parameter":"","header_parameter":"{''Authorization'':''Basic SmVyc2V5IFRlbGVjb206T25zdGFyITUw''}","db_driver":"com.mysql.jdbc.Driver","api_type":"REST","db_url":"","end_node_name":"true","end_node_ip":"127.0.0.1","api_goup_id":"@api_group_id","api_id":"@api_id","body_parameter":"{''requestId'':''<requestIdMsg>'',''eventStatus'': {''code'':''CMN-INB002'', ''description'':''Downstream System Error: [801]: [Required order parameters not provided]''},  ''deviceDetails'': {''iccid'':''<iccid>'',''imsi'':''<imsi>'',''msisdn'':''<msisdn>'' },  ''servicePlan'': {''planId'':''<newPlanId>'', ''orderId'':''<userPurchaseId>'',''effectiveDate'':''<created>'',''instanceId'':''1''      }}"}]', 54, '801', NULL, NULL, NULL, NULL),
(940, '[{"notification_type":"webhook","api_url":"<returnUrl>/subscribers/<userIdentifier>/events/orderAdded","method_type":"POST","notification_id":"@tracking_message_header","table_name":"","table_parameter":"","header_parameter":"{''Authorization'':''Basic SmVyc2V5IFRlbGVjb206T25zdGFyITUw''}","db_driver":"com.mysql.jdbc.Driver","api_type":"REST","db_url":"","end_node_name":"true","end_node_ip":"127.0.0.1","api_goup_id":"@api_group_id","api_id":"@api_id","body_parameter":"{''requestId'':''<requestIdMsg>'',''eventStatus'': {''code'':''CMN-INB002'', ''description'':''Downstream System Error: [804]: [Unable to perform order]''},  ''deviceDetails'': {''iccid'':''<iccid>'',''imsi'':''<imsi>'',''msisdn'':''<msisdn>'' },  ''servicePlan'': {''planId'':''<newPlanId>'', ''orderId'':''<userPurchaseId>'',''effectiveDate'':''<created>'',''instanceId'':''1''      }}"}]', 54, '804', NULL, NULL, NULL, NULL),
(941, '[{"notification_type":"webhook","api_url":"<returnUrl>/subscribers/<userIdentifier>/events/orderAdded","method_type":"POST","notification_id":"@tracking_message_header","table_name":"","table_parameter":"","header_parameter":"{''Authorization'':''Basic SmVyc2V5IFRlbGVjb206T25zdGFyITUw''}","db_driver":"com.mysql.jdbc.Driver","api_type":"REST","db_url":"","end_node_name":"true","end_node_ip":"127.0.0.1","api_goup_id":"@api_group_id","api_id":"@api_id","body_parameter":"{''requestId'':''<requestIdMsg>'',''eventStatus'': {''code'':''CMN-INB002'', ''description'':''Downstream System Error: [900]: [Access denied]''},  ''deviceDetails'': {''iccid'':''<iccid>'',''imsi'':''<imsi>'',''msisdn'':''<msisdn>'' },  ''servicePlan'': {''planId'':''<newPlanId>'', ''orderId'':''<userPurchaseId>'',''effectiveDate'':''<created>'',''instanceId'':''1''      }}"}]', 54, '900', NULL, NULL, NULL, NULL),
(942, '[{"notification_type":"webhook","api_url":"<returnUrl>/subscribers/<userIdentifier>/events/orderAdded","method_type":"POST","notification_id":"@tracking_message_header","table_name":"","table_parameter":"","header_parameter":"{''Authorization'':''Basic SmVyc2V5IFRlbGVjb206T25zdGFyITUw''}","db_driver":"com.mysql.jdbc.Driver","api_type":"REST","db_url":"","end_node_name":"true","end_node_ip":"127.0.0.1","api_goup_id":"@api_group_id","api_id":"@api_id","body_parameter":"{''requestId'':''<requestIdMsg>'',''eventStatus'': {''code'':''CMN-INB002'', ''description'':''Downstream System Error: [901]: [Black listed user performed operation. Access denied]''},  ''deviceDetails'': {''iccid'':''<iccid>'',''imsi'':''<imsi>'',''msisdn'':''<msisdn>'' },  ''servicePlan'': {''planId'':''<newPlanId>'', ''orderId'':''<userPurchaseId>'',''effectiveDate'':''<created>'',''instanceId'':''1''      }}"}]', 54, '901', NULL, NULL, NULL, NULL),
(943, '[{"notification_type":"webhook","api_url":"<returnUrl>/subscribers/<userIdentifier>/events/orderAdded","method_type":"POST","notification_id":"@tracking_message_header","table_name":"","table_parameter":"","header_parameter":"{''Authorization'':''Basic SmVyc2V5IFRlbGVjb206T25zdGFyITUw''}","db_driver":"com.mysql.jdbc.Driver","api_type":"REST","db_url":"","end_node_name":"true","end_node_ip":"127.0.0.1","api_goup_id":"@api_group_id","api_id":"@api_id","body_parameter":"{''requestId'':''<requestIdMsg>'',''eventStatus'': {''code'':''CMN-INB002'', ''description'':''Downstream System Error: [904]: [SLA conditions were not met]''},  ''deviceDetails'': {''iccid'':''<iccid>'',''imsi'':''<imsi>'',''msisdn'':''<msisdn>'' },  ''servicePlan'': {''planId'':''<newPlanId>'', ''orderId'':''<userPurchaseId>'',''effectiveDate'':''<created>'',''instanceId'':''1''      }}"}]', 54, '904', NULL, NULL, NULL, NULL),
(952, '[{"notification_type":"webhook","api_url":"<returnUrl>/subscribers/<userIdentifier>/events/orderAdded","method_type":"POST","notification_id":"@tracking_message_header","table_name":"","table_parameter":"","header_parameter":"{''Authorization'':''Basic SmVyc2V5IFRlbGVjb206T25zdGFyITUw''}","db_driver":"com.mysql.jdbc.Driver","api_type":"REST","db_url":"","end_node_name":"true","end_node_ip":"127.0.0.1","api_goup_id":"@api_group_id","api_id":"@api_id","body_parameter":"{''requestId'':''<requestIdMsg>'',''eventStatus'': {''code'':''CMN-INB002'', ''description'':''Downstream System Error: [101]: [Invalid credentials]''},  ''deviceDetails'': {''iccid'':''<iccid>'',''imsi'':''<imsi>'',''msisdn'':''<msisdn>'' },  ''orderDetails'': {''planId'':''<newPlanId>'', ''orderId'':''<userPurchaseId>'',''effectiveDate'':''<created>'',''instanceId'':''1''      }}"}]', 55, '101', NULL, NULL, NULL, NULL),
(953, '[{"notification_type":"webhook","api_url":"<returnUrl>/subscribers/<userIdentifier>/events/orderAdded","method_type":"POST","notification_id":"@tracking_message_header","table_name":"","table_parameter":"","header_parameter":"{''Authorization'':''Basic SmVyc2V5IFRlbGVjb206T25zdGFyITUw''}","db_driver":"com.mysql.jdbc.Driver","api_type":"REST","db_url":"","end_node_name":"true","end_node_ip":"127.0.0.1","api_goup_id":"@api_group_id","api_id":"@api_id","body_parameter":"{''requestId'':''<requestIdMsg>'',''eventStatus'': {''code'':''CMN-INB002'', ''description'':''Downstream System Error: [102]: [Invalid token]''},  ''deviceDetails'': {''iccid'':''<iccid>'',''imsi'':''<imsi>'',''msisdn'':''<msisdn>'' },  ''servicePlan'': {''planId'':''<newPlanId>'', ''orderId'':''<userPurchaseId>'',''effectiveDate'':''<created>'',''instanceId'':''1''      }}"}]', 55, '102', NULL, NULL, NULL, NULL),
(954, '[{"notification_type":"webhook","api_url":"<returnUrl>/subscribers/<userIdentifier>/events/orderAdded","method_type":"POST","notification_id":"@tracking_message_header","table_name":"","table_parameter":"","header_parameter":"{''Authorization'':''Basic SmVyc2V5IFRlbGVjb206T25zdGFyITUw''}","db_driver":"com.mysql.jdbc.Driver","api_type":"REST","db_url":"","end_node_name":"true","end_node_ip":"127.0.0.1","api_goup_id":"@api_group_id","api_id":"@api_id","body_parameter":"{''requestId'':''<requestIdMsg>'',''eventStatus'': {''code'':''CMN-INB002'', ''description'':''Downstream System Error: [103]: [Expired token]''},  ''deviceDetails'': {''iccid'':''<iccid>'',''imsi'':''<imsi>'',''msisdn'':''<msisdn>'' },  ''servicePlan'': {''planId'':''<newPlanId>'', ''orderId'':''<userPurchaseId>'',''effectiveDate'':''<created>'',''instanceId'':''1''      }}"}]', 55, '103', NULL, NULL, NULL, NULL),
(955, '[{"notification_type":"webhook","api_url":"<returnUrl>/subscribers/<userIdentifier>/events/orderAdded","method_type":"POST","notification_id":"@tracking_message_header","table_name":"","table_parameter":"","header_parameter":"{''Authorization'':''Basic SmVyc2V5IFRlbGVjb206T25zdGFyITUw''}","db_driver":"com.mysql.jdbc.Driver","api_type":"REST","db_url":"","end_node_name":"true","end_node_ip":"127.0.0.1","api_goup_id":"@api_group_id","api_id":"@api_id","body_parameter":"{''requestId'':''<requestIdMsg>'',''eventStatus'': {''code'':''CMN-INB002'', ''description'':''Downstream System Error: [104]: [Restricted operation]''},  ''deviceDetails'': {''iccid'':''<iccid>'',''imsi'':''<imsi>'',''msisdn'':''<msisdn>'' },  ''servicePlan'': {''planId'':''<newPlanId>'', ''orderId'':''<userPurchaseId>'',''effectiveDate'':''<created>'',''instanceId'':''1''      }}"}]', 55, '104', NULL, NULL, NULL, NULL),
(956, '[{"notification_type":"webhook","api_url":"<returnUrl>/subscribers/<userIdentifier>/events/orderAdded","method_type":"POST","notification_id":"@tracking_message_header","table_name":"","table_parameter":"","header_parameter":"{''Authorization'':''Basic SmVyc2V5IFRlbGVjb206T25zdGFyITUw''}","db_driver":"com.mysql.jdbc.Driver","api_type":"REST","db_url":"","end_node_name":"true","end_node_ip":"127.0.0.1","api_goup_id":"@api_group_id","api_id":"@api_id","body_parameter":"{''requestId'':''<requestIdMsg>'',''eventStatus'': {''code'':''CMN-INB002'', ''description'':''Downstream System Error: [106]: [External party call was unsuccessful]''},  ''deviceDetails'': {''iccid'':''<iccid>'',''imsi'':''<imsi>'',''msisdn'':''<msisdn>'' },  ''servicePlan'': {''planId'':''<newPlanId>'', ''orderId'':''<userPurchaseId>'',''effectiveDate'':''<created>'',''instanceId'':''1''      }}"}]', 55, '106', NULL, NULL, NULL, NULL),
(957, '[{"notification_type":"webhook","api_url":"<returnUrl>/subscribers/<userIdentifier>/events/orderAdded","method_type":"POST","notification_id":"@tracking_message_header","table_name":"","table_parameter":"","header_parameter":"{''Authorization'':''Basic SmVyc2V5IFRlbGVjb206T25zdGFyITUw''}","db_driver":"com.mysql.jdbc.Driver","api_type":"REST","db_url":"","end_node_name":"true","end_node_ip":"127.0.0.1","api_goup_id":"@api_group_id","api_id":"@api_id","body_parameter":"{''requestId'':''<requestIdMsg>'',''eventStatus'': {''code'':''CMN-INB002'', ''description'':''Downstream System Error: [109]: [Malformed request object]''},  ''deviceDetails'': {''iccid'':''<iccid>'',''imsi'':''<imsi>'',''msisdn'':''<msisdn>'' },  ''servicePlan'': {''planId'':''<newPlanId>'', ''orderId'':''<userPurchaseId>'',''effectiveDate'':''<created>'',''instanceId'':''1''      }}"}]', 55, '109', NULL, NULL, NULL, NULL),
(958, '[{"notification_type":"webhook","api_url":"<returnUrl>/subscribers/<userIdentifier>/events/orderAdded","method_type":"POST","notification_id":"@tracking_message_header","table_name":"","table_parameter":"","header_parameter":"{''Authorization'':''Basic SmVyc2V5IFRlbGVjb206T25zdGFyITUw''}","db_driver":"com.mysql.jdbc.Driver","api_type":"REST","db_url":"","end_node_name":"true","end_node_ip":"127.0.0.1","api_goup_id":"@api_group_id","api_id":"@api_id","body_parameter":"{''requestId'':''<requestIdMsg>'',''eventStatus'':{''code'':''0'',''description'':''Success''},''deviceDetails'':{''iccid'':''<iccid>'',''imsi'':''<imsi>'',''msisdn'':''<msisdn>''},''orderDetails'':{''planId'':''<newPlanId>'',''orderId'':''<userPurchaseId>'',''effectiveDate'':''<created>'',''instanceId'':''1'',''paymentDetails'':{''currency'':''<currency>'',''purchaseAmount'':''0'',''purchaseVatRate'':''0.0'',''purchaseVatAmount'':''0.0''}}}"}]', 55, '200', NULL, NULL, NULL, NULL),
(959, '[{"notification_type":"webhook","api_url":"<returnUrl>/subscribers/<userIdentifier>/events/orderAdded","method_type":"POST","notification_id":"@tracking_message_header","table_name":"","table_parameter":"","header_parameter":"{''Authorization'':''Basic SmVyc2V5IFRlbGVjb206T25zdGFyITUw''}","db_driver":"com.mysql.jdbc.Driver","api_type":"REST","db_url":"","end_node_name":"true","end_node_ip":"127.0.0.1","api_goup_id":"@api_group_id","api_id":"@api_id","body_parameter":"{''requestId'':''<requestIdMsg>'',''eventStatus'': {''code'':''CMN-INB002'', ''description'':''Downstream System Error: [300]: [There is no started session, please log in correctly]''},  ''deviceDetails'': {''iccid'':''<iccid>'',''imsi'':''<imsi>'',''msisdn'':''<msisdn>'' },  ''servicePlan'': {''planId'':''<newPlanId>'', ''orderId'':''<userPurchaseId>'',''effectiveDate'':''<created>'',''instanceId'':''1''      }}"}]', 55, '300', NULL, NULL, NULL, NULL),
(960, '[{"notification_type":"webhook","api_url":"<returnUrl>/subscribers/<userIdentifier>/events/orderAdded","method_type":"POST","notification_id":"@tracking_message_header","table_name":"","table_parameter":"","header_parameter":"{''Authorization'':''Basic SmVyc2V5IFRlbGVjb206T25zdGFyITUw''}","db_driver":"com.mysql.jdbc.Driver","api_type":"REST","db_url":"","end_node_name":"true","end_node_ip":"127.0.0.1","api_goup_id":"@api_group_id","api_id":"@api_id","body_parameter":"{''requestId'':''<requestIdMsg>'',''eventStatus'': {''code'':''CMN-INB002'', ''description'':''Downstream System Error: [301]: [Session was stopeed, please log in]''},  ''deviceDetails'': {''iccid'':''<iccid>'',''imsi'':''<imsi>'',''msisdn'':''<msisdn>'' },  ''servicePlan'': {''planId'':''<newPlanId>'', ''orderId'':''<userPurchaseId>'',''effectiveDate'':''<created>'',''instanceId'':''1''      }}"}]', 55, '301', NULL, NULL, NULL, NULL),
(961, '[{"notification_type":"webhook","api_url":"<returnUrl>/subscribers/<userIdentifier>/events/orderAdded","method_type":"POST","notification_id":"@tracking_message_header","table_name":"","table_parameter":"","header_parameter":"{''Authorization'':''Basic SmVyc2V5IFRlbGVjb206T25zdGFyITUw''}","db_driver":"com.mysql.jdbc.Driver","api_type":"REST","db_url":"","end_node_name":"true","end_node_ip":"127.0.0.1","api_goup_id":"@api_group_id","api_id":"@api_id","body_parameter":"{''requestId'':''<requestIdMsg>'',''eventStatus'': {''code'':''ORA003'', ''Downstream System Error: [505]: [User was not found by provided parameters]''},  ''deviceDetails'': {''iccid'':''<iccid>'',''imsi'':''<imsi>'',''msisdn'':''<msisdn>'' },  ''servicePlan'': {''planId'':''<newPlanId>'', ''orderId'':''<userPurchaseId>'',''effectiveDate'':''<created>'',''instanceId'':''1''      }}"}]', 55, '505', NULL, NULL, NULL, NULL),
(962, '[{"notification_type":"webhook","api_url":"<returnUrl>/subscribers/<userIdentifier>/events/orderAdded","method_type":"POST","notification_id":"@tracking_message_header","table_name":"","table_parameter":"","header_parameter":"{''Authorization'':''Basic SmVyc2V5IFRlbGVjb206T25zdGFyITUw''}","db_driver":"com.mysql.jdbc.Driver","api_type":"REST","db_url":"","end_node_name":"true","end_node_ip":"127.0.0.1","api_goup_id":"@api_group_id","api_id":"@api_id","body_parameter":"{''requestId'':''<requestIdMsg>'',''eventStatus'': {''code'':''CMN-INB002'', ''description'':''Downstream System Error: [618]: [Invalid login data]''},  ''deviceDetails'': {''iccid'':''<iccid>'',''imsi'':''<imsi>'',''msisdn'':''<msisdn>'' },  ''servicePlan'': {''planId'':''<newPlanId>'', ''orderId'':''<userPurchaseId>'',''effectiveDate'':''<created>'',''instanceId'':''1''      }}"}]', 55, '618', NULL, NULL, NULL, NULL),
(963, '[{"notification_type":"webhook","api_url":"<returnUrl>/subscribers/<userIdentifier>/events/orderAdded","method_type":"POST","notification_id":"@tracking_message_header","table_name":"","table_parameter":"","header_parameter":"{''Authorization'':''Basic SmVyc2V5IFRlbGVjb206T25zdGFyITUw''}","db_driver":"com.mysql.jdbc.Driver","api_type":"REST","db_url":"","end_node_name":"true","end_node_ip":"127.0.0.1","api_goup_id":"@api_group_id","api_id":"@api_id","body_parameter":"{''requestId'':''<requestIdMsg>'',''eventStatus'': {''code'':''ORA001'', ''description'':''Invalid Parameter: [ParameterName]  Value not supported''},  ''deviceDetails'': {''iccid'':''<iccid>'',''imsi'':''<imsi>'',''msisdn'':''<msisdn>'' },  ''servicePlan'': {''planId'':''<newPlanId>'', ''orderId'':''<userPurchaseId>'',''effectiveDate'':''<created>'',''instanceId'':''1''      }}"}]', 55, '631', NULL, NULL, NULL, NULL),
(964, '[{"notification_type":"webhook","api_url":"<returnUrl>/subscribers/<userIdentifier>/events/orderAdded","method_type":"POST","notification_id":"@tracking_message_header","table_name":"","table_parameter":"","header_parameter":"{''Authorization'':''Basic SmVyc2V5IFRlbGVjb206T25zdGFyITUw''}","db_driver":"com.mysql.jdbc.Driver","api_type":"REST","db_url":"","end_node_name":"true","end_node_ip":"127.0.0.1","api_goup_id":"@api_group_id","api_id":"@api_id","body_parameter":"{''requestId'':''<requestIdMsg>'',''eventStatus'': {''code'':''ORA001'', ''description'':''Invalid Parameter: [ParameterName]  Value not supported''},  ''deviceDetails'': {''iccid'':''<iccid>'',''imsi'':''<imsi>'',''msisdn'':''<msisdn>'' },  ''servicePlan'': {''planId'':''<newPlanId>'', ''orderId'':''<userPurchaseId>'',''effectiveDate'':''<created>'',''instanceId'':''1''      }}"}]', 55, '633', NULL, NULL, NULL, NULL),
(965, '[{"notification_type":"webhook","api_url":"<returnUrl>/subscribers/<userIdentifier>/events/orderAdded","method_type":"POST","notification_id":"@tracking_message_header","table_name":"","table_parameter":"","header_parameter":"{''Authorization'':''Basic SmVyc2V5IFRlbGVjb206T25zdGFyITUw''}","db_driver":"com.mysql.jdbc.Driver","api_type":"REST","db_url":"","end_node_name":"true","end_node_ip":"127.0.0.1","api_goup_id":"@api_group_id","api_id":"@api_id","body_parameter":"{''requestId'':''<requestIdMsg>'',''eventStatus'': {''code'':''ORA001'', ''description'':''Invalid Parameter: [ParameterName]  Value not supported''},  ''deviceDetails'': {''iccid'':''<iccid>'',''imsi'':''<imsi>'',''msisdn'':''<msisdn>'' },  ''servicePlan'': {''planId'':''<newPlanId>'', ''orderId'':''<userPurchaseId>'',''effectiveDate'':''<created>'',''instanceId'':''1''      }}"}]', 55, '634', NULL, NULL, NULL, NULL),
(966, '[{"notification_type":"webhook","api_url":"<returnUrl>/subscribers/<userIdentifier>/events/orderAdded","method_type":"POST","notification_id":"@tracking_message_header","table_name":"","table_parameter":"","header_parameter":"{''Authorization'':''Basic SmVyc2V5IFRlbGVjb206T25zdGFyITUw''}","db_driver":"com.mysql.jdbc.Driver","api_type":"REST","db_url":"","end_node_name":"true","end_node_ip":"127.0.0.1","api_goup_id":"@api_group_id","api_id":"@api_id","body_parameter":"{''requestId'':''<requestIdMsg>'',''eventStatus'': {''code'':''CMN-INB002'', ''description'':''Downstream System Error: [642]: [Entry was not found by provided  identifier]''},  ''deviceDetails'': {''iccid'':''<iccid>'',''imsi'':''<imsi>'',''msisdn'':''<msisdn>'' },  ''servicePlan'': {''planId'':''<newPlanId>'', ''orderId'':''<userPurchaseId>'',''effectiveDate'':''<created>'',''instanceId'':''1''      }}"}]', 55, '642', NULL, NULL, NULL, NULL),
(967, '[{"notification_type":"webhook","api_url":"<returnUrl>/subscribers/<userIdentifier>/events/orderAdded","method_type":"POST","notification_id":"@tracking_message_header","table_name":"","table_parameter":"","header_parameter":"{''Authorization'':''Basic SmVyc2V5IFRlbGVjb206T25zdGFyITUw''}","db_driver":"com.mysql.jdbc.Driver","api_type":"REST","db_url":"","end_node_name":"true","end_node_ip":"127.0.0.1","api_goup_id":"@api_group_id","api_id":"@api_id","body_parameter":"{''requestId'':''<requestIdMsg>'',''eventStatus'': {''code'':''ORA003'', ''description'':''Data Not Found : [externalExtraPassId]''},  ''deviceDetails'': {''iccid'':''<iccid>'',''imsi'':''<imsi>'',''msisdn'':''<msisdn>'' },  ''servicePlan'': {''planId'':''<newPlanId>'', ''orderId'':''<userPurchaseId>'',''effectiveDate'':''<created>'',''instanceId'':''1''      }}"}]', 55, '658', NULL, NULL, NULL, NULL),
(968, '[{"notification_type":"webhook","api_url":"<returnUrl>/subscribers/<userIdentifier>/events/orderAdded","method_type":"POST","notification_id":"@tracking_message_header","table_name":"","table_parameter":"","header_parameter":"{''Authorization'':''Basic SmVyc2V5IFRlbGVjb206T25zdGFyITUw''}","db_driver":"com.mysql.jdbc.Driver","api_type":"REST","db_url":"","end_node_name":"true","end_node_ip":"127.0.0.1","api_goup_id":"@api_group_id","api_id":"@api_id","body_parameter":"{''requestId'':''<requestIdMsg>'',''eventStatus'': {''code'':''ORA003'', ''description'':''Data Not Found : [external extrapass]''},  ''deviceDetails'': {''iccid'':''<iccid>'',''imsi'':''<imsi>'',''msisdn'':''<msisdn>'' },  ''orderDetails'': {''planId'':''<newPlanId>'', ''orderId'':''<userPurchaseId>'',''effectiveDate'':''<created>'',''instanceId'':''1''      }}"}]', 55, '664', NULL, NULL, NULL, NULL),
(969, '[{"notification_type":"webhook","api_url":"<returnUrl>/subscribers/<userIdentifier>/events/orderAdded","method_type":"POST","notification_id":"@tracking_message_header","table_name":"","table_parameter":"","header_parameter":"{''Authorization'':''Basic SmVyc2V5IFRlbGVjb206T25zdGFyITUw''}","db_driver":"com.mysql.jdbc.Driver","api_type":"REST","db_url":"","end_node_name":"true","end_node_ip":"127.0.0.1","api_goup_id":"@api_group_id","api_id":"@api_id","body_parameter":"{''requestId'':''<requestIdMsg>'',''eventStatus'': {''code'':''CMN-INB002'', ''description'':''Downstream System Error: [800]: [Unable to process order transaction]''},  ''deviceDetails'': {''iccid'':''<iccid>'',''imsi'':''<imsi>'',''msisdn'':''<msisdn>'' },  ''servicePlan'': {''planId'':''<newPlanId>'', ''orderId'':''<userPurchaseId>'',''effectiveDate'':''<created>'',''instanceId'':''1''      }}"}]', 55, '800', NULL, NULL, NULL, NULL),
(970, '[{"notification_type":"webhook","api_url":"<returnUrl>/subscribers/<userIdentifier>/events/orderAdded","method_type":"POST","notification_id":"@tracking_message_header","table_name":"","table_parameter":"","header_parameter":"{''Authorization'':''Basic SmVyc2V5IFRlbGVjb206T25zdGFyITUw''}","db_driver":"com.mysql.jdbc.Driver","api_type":"REST","db_url":"","end_node_name":"true","end_node_ip":"127.0.0.1","api_goup_id":"@api_group_id","api_id":"@api_id","body_parameter":"{''requestId'':''<requestIdMsg>'',''eventStatus'': {''code'':''CMN-INB002'', ''description'':''Downstream System Error: [801]: [Required order parameters not provided]''},  ''deviceDetails'': {''iccid'':''<iccid>'',''imsi'':''<imsi>'',''msisdn'':''<msisdn>'' },  ''servicePlan'': {''planId'':''<newPlanId>'', ''orderId'':''<userPurchaseId>'',''effectiveDate'':''<created>'',''instanceId'':''1''      }}"}]', 55, '801', NULL, NULL, NULL, NULL),
(971, '[{"notification_type":"webhook","api_url":"<returnUrl>/subscribers/<userIdentifier>/events/orderAdded","method_type":"POST","notification_id":"@tracking_message_header","table_name":"","table_parameter":"","header_parameter":"{''Authorization'':''Basic SmVyc2V5IFRlbGVjb206T25zdGFyITUw''}","db_driver":"com.mysql.jdbc.Driver","api_type":"REST","db_url":"","end_node_name":"true","end_node_ip":"127.0.0.1","api_goup_id":"@api_group_id","api_id":"@api_id","body_parameter":"{''requestId'':''<requestIdMsg>'',''eventStatus'': {''code'':''CMN-INB002'', ''description'':''Downstream System Error: [804]: [Unable to perform order]''},  ''deviceDetails'': {''iccid'':''<iccid>'',''imsi'':''<imsi>'',''msisdn'':''<msisdn>'' },  ''servicePlan'': {''planId'':''<newPlanId>'', ''orderId'':''<userPurchaseId>'',''effectiveDate'':''<created>'',''instanceId'':''1''      }}"}]', 55, '804', NULL, NULL, NULL, NULL),
(972, '[{"notification_type":"webhook","api_url":"<returnUrl>/subscribers/<userIdentifier>/events/orderAdded","method_type":"POST","notification_id":"@tracking_message_header","table_name":"","table_parameter":"","header_parameter":"{''Authorization'':''Basic SmVyc2V5IFRlbGVjb206T25zdGFyITUw''}","db_driver":"com.mysql.jdbc.Driver","api_type":"REST","db_url":"","end_node_name":"true","end_node_ip":"127.0.0.1","api_goup_id":"@api_group_id","api_id":"@api_id","body_parameter":"{''requestId'':''<requestIdMsg>'',''eventStatus'': {''code'':''CMN-INB002'', ''description'':''Downstream System Error: [900]: [Access denied]''},  ''deviceDetails'': {''iccid'':''<iccid>'',''imsi'':''<imsi>'',''msisdn'':''<msisdn>'' },  ''servicePlan'': {''planId'':''<newPlanId>'', ''orderId'':''<userPurchaseId>'',''effectiveDate'':''<created>'',''instanceId'':''1''      }}"}]', 55, '900', NULL, NULL, NULL, NULL),
(973, '[{"notification_type":"webhook","api_url":"<returnUrl>/subscribers/<userIdentifier>/events/orderAdded","method_type":"POST","notification_id":"@tracking_message_header","table_name":"","table_parameter":"","header_parameter":"{''Authorization'':''Basic SmVyc2V5IFRlbGVjb206T25zdGFyITUw''}","db_driver":"com.mysql.jdbc.Driver","api_type":"REST","db_url":"","end_node_name":"true","end_node_ip":"127.0.0.1","api_goup_id":"@api_group_id","api_id":"@api_id","body_parameter":"{''requestId'':''<requestIdMsg>'',''eventStatus'': {''code'':''CMN-INB002'', ''description'':''Downstream System Error: [901]: [Black listed user performed operation. Access denied]''},  ''deviceDetails'': {''iccid'':''<iccid>'',''imsi'':''<imsi>'',''msisdn'':''<msisdn>'' },  ''servicePlan'': {''planId'':''<newPlanId>'', ''orderId'':''<userPurchaseId>'',''effectiveDate'':''<created>'',''instanceId'':''1''      }}"}]', 55, '901', NULL, NULL, NULL, NULL),
(974, '[{"notification_type":"webhook","api_url":"<returnUrl>/subscribers/<userIdentifier>/events/orderAdded","method_type":"POST","notification_id":"@tracking_message_header","table_name":"","table_parameter":"","header_parameter":"{''Authorization'':''Basic SmVyc2V5IFRlbGVjb206T25zdGFyITUw''}","db_driver":"com.mysql.jdbc.Driver","api_type":"REST","db_url":"","end_node_name":"true","end_node_ip":"127.0.0.1","api_goup_id":"@api_group_id","api_id":"@api_id","body_parameter":"{''requestId'':''<requestIdMsg>'',''eventStatus'': {''code'':''CMN-INB002'', ''description'':''Downstream System Error: [904]: [SLA conditions were not met]''},  ''deviceDetails'': {''iccid'':''<iccid>'',''imsi'':''<imsi>'',''msisdn'':''<msisdn>'' },  ''servicePlan'': {''planId'':''<newPlanId>'', ''orderId'':''<userPurchaseId>'',''effectiveDate'':''<created>'',''instanceId'':''1''      }}"}]', 55, '904', NULL, NULL, NULL, NULL),
(983, '[{"notification_type":"webhook","api_url":"<returnUrl>/subscribers/<userIdentifier>/events/orderCancelled","method_type":"POST","notification_id":"@tracking_message_header","table_name":"","table_parameter":"","header_parameter":"{''Authorization'':''Basic SmVyc2V5IFRlbGVjb206T25zdGFyITUw''}","db_driver":"com.mysql.jdbc.Driver","api_type":"REST","db_url":"","end_node_name":"true","end_node_ip":"127.0.0.1","api_goup_id":"@api_group_id","api_id":"@api_id","body_parameter":"{''requestId'':''<requestIdMsg>'',''errors'': [{''code'':''ORC001'', ''description'':''<description>''}],  ''deviceDetails'': {''iccid'':''<iccid>'',''imsi'':''<imsi>'',''msisdn'':''<msisdn>'' }}"}]', 7, 'COO001', NULL, NULL, NULL, NULL),
(984, '[{"notification_type":"webhook","api_url":"<returnUrl>/subscribers/<userIdentifier>/events/orderCancelled","method_type":"POST","notification_id":"@tracking_message_header","table_name":"","table_parameter":"","header_parameter":"{''Authorization'':''Basic SmVyc2V5IFRlbGVjb206T25zdGFyITUw''}","db_driver":"com.mysql.jdbc.Driver","api_type":"REST","db_url":"","end_node_name":"true","end_node_ip":"127.0.0.1","api_goup_id":"@api_group_id","api_id":"@api_id","body_parameter":"{''requestId'':''<requestIdMsg>'',''errors'': [{''code'':''ORC001'', ''description'':''<description>''}],  ''deviceDetails'': {''iccid'':''<iccid>'',''imsi'':''<imsi>'',''msisdn'':''<msisdn>'' }}"}]', 7, 'COO004', NULL, NULL, NULL, NULL),
(985, '[{"notification_type":"webhook","api_url":"<returnUrl>/subscribers/<userIdentifier>/events/orderCancelled","method_type":"POST","notification_id":"@tracking_message_header","table_name":"","table_parameter":"","header_parameter":"{''Authorization'':''Basic SmVyc2V5IFRlbGVjb206T25zdGFyITUw''}","db_driver":"com.mysql.jdbc.Driver","api_type":"REST","db_url":"","end_node_name":"true","end_node_ip":"127.0.0.1","api_goup_id":"@api_group_id","api_id":"@api_id","body_parameter":"{''requestId'':''<requestIdMsg>'',''errors'': [{''code'':''ORC002'', ''description'':''<description>''}],  ''deviceDetails'': {''iccid'':''<iccid>'',''imsi'':''<imsi>'',''msisdn'':''<msisdn>'' }}"}]', 7, 'COO002', NULL, NULL, NULL, NULL),
(986, '[{"notification_type":"webhook","api_url":"<returnUrl>/subscribers/<userIdentifier>/events/orderCancelled","method_type":"POST","notification_id":"@tracking_message_header","table_name":"","table_parameter":"","header_parameter":"{''Authorization'':''Basic SmVyc2V5IFRlbGVjb206T25zdGFyITUw''}","db_driver":"com.mysql.jdbc.Driver","api_type":"REST","db_url":"","end_node_name":"true","end_node_ip":"127.0.0.1","api_goup_id":"@api_group_id","api_id":"@api_id","body_parameter":"{''requestId'':''<requestIdMsg>'',''errors'': [{''code'':''ORC003'', ''description'':''<description>''}],  ''deviceDetails'': {''iccid'':''<iccid>'',''imsi'':''<imsi>'',''msisdn'':''<msisdn>'' }}"}]', 7, 'COO005', NULL, NULL, NULL, NULL),
(987, '[{"notification_type":"webhook","api_url":"<returnUrl>/subscribers/<userIdentifier>/events/orderCancelled","method_type":"POST","notification_id":"@tracking_message_header","table_name":"","table_parameter":"","header_parameter":"{''Authorization'':''Basic SmVyc2V5IFRlbGVjb206T25zdGFyITUw''}","db_driver":"com.mysql.jdbc.Driver","api_type":"REST","db_url":"","end_node_name":"true","end_node_ip":"127.0.0.1","api_goup_id":"@api_group_id","api_id":"@api_id","body_parameter":"{''requestId'':''<requestIdMsg>'',''errors'': [{''code'':''CMN-INB002'', ''description'':''<description>''}],  ''deviceDetails'': {''iccid'':''<iccid>'',''imsi'':''<imsi>'',''msisdn'':''<msisdn>'' }}"}]', 6, 'CMN004', NULL, NULL, NULL, NULL),
(988, '[{"notification_type":"webhook","api_url":"<returnUrl>/subscribers/<userIdentifier>/events/orderCancelled","method_type":"POST","notification_id":"@tracking_message_header","table_name":"","table_parameter":"","header_parameter":"{''Authorization'':''Basic SmVyc2V5IFRlbGVjb206T25zdGFyITUw''}","db_driver":"com.mysql.jdbc.Driver","api_type":"REST","db_url":"","end_node_name":"true","end_node_ip":"127.0.0.1","api_goup_id":"@api_group_id","api_id":"@api_id","body_parameter":"{''requestId'':''<requestIdMsg>'',''errors'': [{''code'':''ORA001'', ''description'':''<description>''}],  ''deviceDetails'': {''iccid'':''<iccid>'',''imsi'':''<imsi>'',''msisdn'':''<msisdn>'' }}"}]', 6, 'AOO001', NULL, NULL, NULL, NULL),
(989, '[{"notification_type":"webhook","api_url":"<returnUrl>/subscribers/<userIdentifier>/events/orderCancelled","method_type":"POST","notification_id":"@tracking_message_header","table_name":"","table_parameter":"","header_parameter":"{''Authorization'':''Basic SmVyc2V5IFRlbGVjb206T25zdGFyITUw''}","db_driver":"com.mysql.jdbc.Driver","api_type":"REST","db_url":"","end_node_name":"true","end_node_ip":"127.0.0.1","api_goup_id":"@api_group_id","api_id":"@api_id","body_parameter":"{''requestId'':''<requestIdMsg>'',''errors'': [{''code'':''ORA001'', ''description'':''<description>''}],  ''deviceDetails'': {''iccid'':''<iccid>'',''imsi'':''<imsi>'',''msisdn'':''<msisdn>'' }}"}]', 6, 'AOO004', NULL, NULL, NULL, NULL),
(990, '[{"notification_type":"webhook","api_url":"<returnUrl>/subscribers/<userIdentifier>/events/orderCancelled","method_type":"POST","notification_id":"@tracking_message_header","table_name":"","table_parameter":"","header_parameter":"{''Authorization'':''Basic SmVyc2V5IFRlbGVjb206T25zdGFyITUw''}","db_driver":"com.mysql.jdbc.Driver","api_type":"REST","db_url":"","end_node_name":"true","end_node_ip":"127.0.0.1","api_goup_id":"@api_group_id","api_id":"@api_id","body_parameter":"{''requestId'':''<requestIdMsg>'',''errors'': [{''code'':''ORA002'', ''description'':''<description>''}],  ''deviceDetails'': {''iccid'':''<iccid>'',''imsi'':''<imsi>'',''msisdn'':''<msisdn>'' }}"}]', 6, 'AOO002', NULL, NULL, NULL, NULL),
(991, '[{"notification_type":"webhook","api_url":"<returnUrl>/subscribers/<userIdentifier>/events/orderCancelled","method_type":"POST","notification_id":"@tracking_message_header","table_name":"","table_parameter":"","header_parameter":"{''Authorization'':''Basic SmVyc2V5IFRlbGVjb206T25zdGFyITUw''}","db_driver":"com.mysql.jdbc.Driver","api_type":"REST","db_url":"","end_node_name":"true","end_node_ip":"127.0.0.1","api_goup_id":"@api_group_id","api_id":"@api_id","body_parameter":"{''requestId'':''<requestIdMsg>'',''errors'': [{''code'':''ORA003'', ''description'':''<description>''}],  ''deviceDetails'': {''iccid'':''<iccid>'',''imsi'':''<imsi>'',''msisdn'':''<msisdn>'' }}"}]', 6, 'AOO005', NULL, NULL, NULL, NULL),
(992, '[{"notification_type":"webhook","api_url":"<returnUrl>/subscribers/<userIdentifier>/events/orderCancelled","method_type":"POST","notification_id":"@tracking_message_header","table_name":"","table_parameter":"","header_parameter":"{''Authorization'':''Basic SmVyc2V5IFRlbGVjb206T25zdGFyITUw''}","db_driver":"com.mysql.jdbc.Driver","api_type":"REST","db_url":"","end_node_name":"true","end_node_ip":"127.0.0.1","api_goup_id":"@api_group_id","api_id":"@api_id","body_parameter":"{''requestId'':''<requestIdMsg>'',''errors'': [{''code'':''CMN-INB002'', ''description'':''<description>''}],  ''deviceDetails'': {''iccid'':''<iccid>'',''imsi'':''<imsi>'',''msisdn'':''<msisdn>'' }}"}]', 54, 'CMN004', NULL, NULL, NULL, NULL),
(993, '[{"notification_type":"webhook","api_url":"<returnUrl>/subscribers/<userIdentifier>/events/orderCancelled","method_type":"POST","notification_id":"@tracking_message_header","table_name":"","table_parameter":"","header_parameter":"{''Authorization'':''Basic SmVyc2V5IFRlbGVjb206T25zdGFyITUw''}","db_driver":"com.mysql.jdbc.Driver","api_type":"REST","db_url":"","end_node_name":"true","end_node_ip":"127.0.0.1","api_goup_id":"@api_group_id","api_id":"@api_id","body_parameter":"{''requestId'':''<requestIdMsg>'',''errors'': [{''code'':''ORA001'', ''description'':''<description>''}],  ''deviceDetails'': {''iccid'':''<iccid>'',''imsi'':''<imsi>'',''msisdn'':''<msisdn>'' }}"}]', 54, 'AOO001', NULL, NULL, NULL, NULL),
(994, '[{"notification_type":"webhook","api_url":"<returnUrl>/subscribers/<userIdentifier>/events/orderCancelled","method_type":"POST","notification_id":"@tracking_message_header","table_name":"","table_parameter":"","header_parameter":"{''Authorization'':''Basic SmVyc2V5IFRlbGVjb206T25zdGFyITUw''}","db_driver":"com.mysql.jdbc.Driver","api_type":"REST","db_url":"","end_node_name":"true","end_node_ip":"127.0.0.1","api_goup_id":"@api_group_id","api_id":"@api_id","body_parameter":"{''requestId'':''<requestIdMsg>'',''errors'': [{''code'':''ORA001'', ''description'':''<description>''}],  ''deviceDetails'': {''iccid'':''<iccid>'',''imsi'':''<imsi>'',''msisdn'':''<msisdn>'' }}"}]', 54, 'AOO004', NULL, NULL, NULL, NULL),
(995, '[{"notification_type":"webhook","api_url":"<returnUrl>/subscribers/<userIdentifier>/events/orderCancelled","method_type":"POST","notification_id":"@tracking_message_header","table_name":"","table_parameter":"","header_parameter":"{''Authorization'':''Basic SmVyc2V5IFRlbGVjb206T25zdGFyITUw''}","db_driver":"com.mysql.jdbc.Driver","api_type":"REST","db_url":"","end_node_name":"true","end_node_ip":"127.0.0.1","api_goup_id":"@api_group_id","api_id":"@api_id","body_parameter":"{''requestId'':''<requestIdMsg>'',''errors'': [{''code'':''ORA002'', ''description'':''<description>''}],  ''deviceDetails'': {''iccid'':''<iccid>'',''imsi'':''<imsi>'',''msisdn'':''<msisdn>'' }}"}]', 54, 'AOO002', NULL, NULL, NULL, NULL),
(996, '[{"notification_type":"webhook","api_url":"<returnUrl>/subscribers/<userIdentifier>/events/orderCancelled","method_type":"POST","notification_id":"@tracking_message_header","table_name":"","table_parameter":"","header_parameter":"{''Authorization'':''Basic SmVyc2V5IFRlbGVjb206T25zdGFyITUw''}","db_driver":"com.mysql.jdbc.Driver","api_type":"REST","db_url":"","end_node_name":"true","end_node_ip":"127.0.0.1","api_goup_id":"@api_group_id","api_id":"@api_id","body_parameter":"{''requestId'':''<requestIdMsg>'',''errors'': [{''code'':''ORA003'', ''description'':''<description>''}],  ''deviceDetails'': {''iccid'':''<iccid>'',''imsi'':''<imsi>'',''msisdn'':''<msisdn>'' }}"}]', 54, 'AOO005', NULL, NULL, NULL, NULL),
(997, '[{"notification_type":"webhook","api_url":"<returnUrl>/subscribers/<userIdentifier>/events/orderCancelled","method_type":"POST","notification_id":"@tracking_message_header","table_name":"","table_parameter":"","header_parameter":"{''Authorization'':''Basic SmVyc2V5IFRlbGVjb206T25zdGFyITUw''}","db_driver":"com.mysql.jdbc.Driver","api_type":"REST","db_url":"","end_node_name":"true","end_node_ip":"127.0.0.1","api_goup_id":"@api_group_id","api_id":"@api_id","body_parameter":"{''requestId'':''<requestIdMsg>'',''errors'': [{''code'':''CMN-INB002'', ''description'':''<description>''}],  ''deviceDetails'': {''iccid'':''<iccid>'',''imsi'':''<imsi>'',''msisdn'':''<msisdn>'' }}"}]', 55, 'CMN004', NULL, NULL, NULL, NULL),
(998, '[{"notification_type":"webhook","api_url":"<returnUrl>/subscribers/<userIdentifier>/events/orderCancelled","method_type":"POST","notification_id":"@tracking_message_header","table_name":"","table_parameter":"","header_parameter":"{''Authorization'':''Basic SmVyc2V5IFRlbGVjb206T25zdGFyITUw''}","db_driver":"com.mysql.jdbc.Driver","api_type":"REST","db_url":"","end_node_name":"true","end_node_ip":"127.0.0.1","api_goup_id":"@api_group_id","api_id":"@api_id","body_parameter":"{''requestId'':''<requestIdMsg>'',''errors'': [{''code'':''ORA001'', ''description'':''<description>''}],  ''deviceDetails'': {''iccid'':''<iccid>'',''imsi'':''<imsi>'',''msisdn'':''<msisdn>'' }}"}]', 55, 'AOO001', NULL, NULL, NULL, NULL),
(999, '[{"notification_type":"webhook","api_url":"<returnUrl>/subscribers/<userIdentifier>/events/orderCancelled","method_type":"POST","notification_id":"@tracking_message_header","table_name":"","table_parameter":"","header_parameter":"{''Authorization'':''Basic SmVyc2V5IFRlbGVjb206T25zdGFyITUw''}","db_driver":"com.mysql.jdbc.Driver","api_type":"REST","db_url":"","end_node_name":"true","end_node_ip":"127.0.0.1","api_goup_id":"@api_group_id","api_id":"@api_id","body_parameter":"{''requestId'':''<requestIdMsg>'',''errors'': [{''code'':''ORA001'', ''description'':''<description>''}],  ''deviceDetails'': {''iccid'':''<iccid>'',''imsi'':''<imsi>'',''msisdn'':''<msisdn>'' }}"}]', 55, 'AOO004', NULL, NULL, NULL, NULL),
(1000, '[{"notification_type":"webhook","api_url":"<returnUrl>/subscribers/<userIdentifier>/events/orderCancelled","method_type":"POST","notification_id":"@tracking_message_header","table_name":"","table_parameter":"","header_parameter":"{''Authorization'':''Basic SmVyc2V5IFRlbGVjb206T25zdGFyITUw''}","db_driver":"com.mysql.jdbc.Driver","api_type":"REST","db_url":"","end_node_name":"true","end_node_ip":"127.0.0.1","api_goup_id":"@api_group_id","api_id":"@api_id","body_parameter":"{''requestId'':''<requestIdMsg>'',''errors'': [{''code'':''ORA002'', ''description'':''<description>''}],  ''deviceDetails'': {''iccid'':''<iccid>'',''imsi'':''<imsi>'',''msisdn'':''<msisdn>'' }}"}]', 55, 'AOO002', NULL, NULL, NULL, NULL),
(1001, '[{"notification_type":"webhook","api_url":"<returnUrl>/subscribers/<userIdentifier>/events/orderCancelled","method_type":"POST","notification_id":"@tracking_message_header","table_name":"","table_parameter":"","header_parameter":"{''Authorization'':''Basic SmVyc2V5IFRlbGVjb206T25zdGFyITUw''}","db_driver":"com.mysql.jdbc.Driver","api_type":"REST","db_url":"","end_node_name":"true","end_node_ip":"127.0.0.1","api_goup_id":"@api_group_id","api_id":"@api_id","body_parameter":"{''requestId'':''<requestIdMsg>'',''errors'': [{''code'':''ORA003'', ''description'':''<description>''}],  ''deviceDetails'': {''iccid'':''<iccid>'',''imsi'':''<imsi>'',''msisdn'':''<msisdn>'' }}"}]', 55, 'AOO005', NULL, NULL, NULL, NULL);


--
-- Updating data of table inherit_notification_template
--
UPDATE inherit_notification_template SET template = '[{"notification_type":"webhook","api_url":"<returnUrl>/subscribers/<userIdentifier>/events/orderAdded","method_type":"POST","notification_id":"@tracking_message_header","table_name":"","table_parameter":"","header_parameter":"{''Authorization'':''Basic SmVyc2V5IFRlbGVjb206T25zdGFyITUw''}","db_driver":"com.mysql.jdbc.Driver","api_type":"REST","db_url":"","end_node_name":"true","end_node_ip":"127.0.0.1","api_goup_id":"@api_group_id","api_id":"@api_id","body_parameter":"{''requestId'':''<requestIdMsg>'',''eventStatus'': {''code'':''CMN-INB002'', ''description'':''Downstream System Error: [101]: [Invalid credentials]''},  ''deviceDetails'': {''iccid'':''<iccid>'',''imsi'':''<imsi>'',''msisdn'':''<msisdn>'' },  ''orderDetails'': {''planId'':''<newPlanId>'', ''orderId'':''<userPurchaseId>'',''effectiveDate'':''<created>'',''instanceId'':''1''      }}"}]' WHERE id = 84;
UPDATE inherit_notification_template SET template = '[{"notification_type":"webhook","api_url":"<returnUrl>/subscribers/<userIdentifier>/events/orderAdded","method_type":"POST","notification_id":"@tracking_message_header","table_name":"","table_parameter":"","header_parameter":"{''Authorization'':''Basic SmVyc2V5IFRlbGVjb206T25zdGFyITUw''}","db_driver":"com.mysql.jdbc.Driver","api_type":"REST","db_url":"","end_node_name":"true","end_node_ip":"127.0.0.1","api_goup_id":"@api_group_id","api_id":"@api_id","body_parameter":"{''requestId'':''<requestIdMsg>'',''eventStatus'': {''code'':''CMN-INB002'', ''description'':''Downstream System Error: [102]: [Invalid token]''},  ''deviceDetails'': {''iccid'':''<iccid>'',''imsi'':''<imsi>'',''msisdn'':''<msisdn>'' },  ''servicePlan'': {''planId'':''<newPlanId>'', ''orderId'':''<userPurchaseId>'',''effectiveDate'':''<created>'',''instanceId'':''1''      }}"}]' WHERE id = 85;
UPDATE inherit_notification_template SET template = '[{"notification_type":"webhook","api_url":"<returnUrl>/subscribers/<userIdentifier>/events/orderAdded","method_type":"POST","notification_id":"@tracking_message_header","table_name":"","table_parameter":"","header_parameter":"{''Authorization'':''Basic SmVyc2V5IFRlbGVjb206T25zdGFyITUw''}","db_driver":"com.mysql.jdbc.Driver","api_type":"REST","db_url":"","end_node_name":"true","end_node_ip":"127.0.0.1","api_goup_id":"@api_group_id","api_id":"@api_id","body_parameter":"{''requestId'':''<requestIdMsg>'',''eventStatus'': {''code'':''CMN-INB002'', ''description'':''Downstream System Error: [103]: [Expired token]''},  ''deviceDetails'': {''iccid'':''<iccid>'',''imsi'':''<imsi>'',''msisdn'':''<msisdn>'' },  ''servicePlan'': {''planId'':''<newPlanId>'', ''orderId'':''<userPurchaseId>'',''effectiveDate'':''<created>'',''instanceId'':''1''      }}"}]' WHERE id = 86;
UPDATE inherit_notification_template SET template = '[{"notification_type":"webhook","api_url":"<returnUrl>/subscribers/<userIdentifier>/events/orderAdded","method_type":"POST","notification_id":"@tracking_message_header","table_name":"","table_parameter":"","header_parameter":"{''Authorization'':''Basic SmVyc2V5IFRlbGVjb206T25zdGFyITUw''}","db_driver":"com.mysql.jdbc.Driver","api_type":"REST","db_url":"","end_node_name":"true","end_node_ip":"127.0.0.1","api_goup_id":"@api_group_id","api_id":"@api_id","body_parameter":"{''requestId'':''<requestIdMsg>'',''eventStatus'': {''code'':''CMN-INB002'', ''description'':''Downstream System Error: [104]: [Restricted operation]''},  ''deviceDetails'': {''iccid'':''<iccid>'',''imsi'':''<imsi>'',''msisdn'':''<msisdn>'' },  ''servicePlan'': {''planId'':''<newPlanId>'', ''orderId'':''<userPurchaseId>'',''effectiveDate'':''<created>'',''instanceId'':''1''      }}"}]' WHERE id = 87;
UPDATE inherit_notification_template SET template = '[{"notification_type":"webhook","api_url":"<returnUrl>/subscribers/<userIdentifier>/events/orderAdded","method_type":"POST","notification_id":"@tracking_message_header","table_name":"","table_parameter":"","header_parameter":"{''Authorization'':''Basic SmVyc2V5IFRlbGVjb206T25zdGFyITUw''}","db_driver":"com.mysql.jdbc.Driver","api_type":"REST","db_url":"","end_node_name":"true","end_node_ip":"127.0.0.1","api_goup_id":"@api_group_id","api_id":"@api_id","body_parameter":"{''requestId'':''<requestIdMsg>'',''eventStatus'': {''code'':''CMN-INB002'', ''description'':''Downstream System Error: [106]: [External party call was unsuccessful]''},  ''deviceDetails'': {''iccid'':''<iccid>'',''imsi'':''<imsi>'',''msisdn'':''<msisdn>'' },  ''servicePlan'': {''planId'':''<newPlanId>'', ''orderId'':''<userPurchaseId>'',''effectiveDate'':''<created>'',''instanceId'':''1''      }}"}]' WHERE id = 88;
UPDATE inherit_notification_template SET template = '[{"notification_type":"webhook","api_url":"<returnUrl>/subscribers/<userIdentifier>/events/orderAdded","method_type":"POST","notification_id":"@tracking_message_header","table_name":"","table_parameter":"","header_parameter":"{''Authorization'':''Basic SmVyc2V5IFRlbGVjb206T25zdGFyITUw''}","db_driver":"com.mysql.jdbc.Driver","api_type":"REST","db_url":"","end_node_name":"true","end_node_ip":"127.0.0.1","api_goup_id":"@api_group_id","api_id":"@api_id","body_parameter":"{''requestId'':''<requestIdMsg>'',''eventStatus'': {''code'':''CMN-INB002'', ''description'':''Downstream System Error: [109]: [Malformed request object]''},  ''deviceDetails'': {''iccid'':''<iccid>'',''imsi'':''<imsi>'',''msisdn'':''<msisdn>'' },  ''servicePlan'': {''planId'':''<newPlanId>'', ''orderId'':''<userPurchaseId>'',''effectiveDate'':''<created>'',''instanceId'':''1''      }}"}]' WHERE id = 89;
UPDATE inherit_notification_template SET template = '[{"notification_type":"webhook","api_url":"<returnUrl>/subscribers/<userIdentifier>/events/orderAdded","method_type":"POST","notification_id":"@tracking_message_header","table_name":"","table_parameter":"","header_parameter":"{''Authorization'':''Basic SmVyc2V5IFRlbGVjb206T25zdGFyITUw''}","db_driver":"com.mysql.jdbc.Driver","api_type":"REST","db_url":"","end_node_name":"true","end_node_ip":"127.0.0.1","api_goup_id":"@api_group_id","api_id":"@api_id","body_parameter":"{''requestId'':''<requestIdMsg>'',''eventStatus'':{''code'':''0'',''description'':''Success''},''deviceDetails'':{''iccid'':''<iccid>'',''imsi'':''<imsi>'',''msisdn'':''<msisdn>''},''orderDetails'':{''planId'':''<newPlanId>'',''orderId'':''<userPurchaseId>'',''effectiveDate'':''<created>'',''instanceId'':''1'',''paymentDetails'':{''currency'':''<currency>'',''purchaseAmount'':''0'',''purchaseVatRate'':''0.0'',''purchaseVatAmount'':''0.0''}}}"}]' WHERE id = 90;
UPDATE inherit_notification_template SET template = '[{"notification_type":"webhook","api_url":"<returnUrl>/subscribers/<userIdentifier>/events/orderAdded","method_type":"POST","notification_id":"@tracking_message_header","table_name":"","table_parameter":"","header_parameter":"{''Authorization'':''Basic SmVyc2V5IFRlbGVjb206T25zdGFyITUw''}","db_driver":"com.mysql.jdbc.Driver","api_type":"REST","db_url":"","end_node_name":"true","end_node_ip":"127.0.0.1","api_goup_id":"@api_group_id","api_id":"@api_id","body_parameter":"{''requestId'':''<requestIdMsg>'',''eventStatus'': {''code'':''CMN-INB002'', ''description'':''Downstream System Error: [300]: [There is no started session, please log in correctly]''},  ''deviceDetails'': {''iccid'':''<iccid>'',''imsi'':''<imsi>'',''msisdn'':''<msisdn>'' },  ''servicePlan'': {''planId'':''<newPlanId>'', ''orderId'':''<userPurchaseId>'',''effectiveDate'':''<created>'',''instanceId'':''1''      }}"}]' WHERE id = 91;
UPDATE inherit_notification_template SET template = '[{"notification_type":"webhook","api_url":"<returnUrl>/subscribers/<userIdentifier>/events/orderAdded","method_type":"POST","notification_id":"@tracking_message_header","table_name":"","table_parameter":"","header_parameter":"{''Authorization'':''Basic SmVyc2V5IFRlbGVjb206T25zdGFyITUw''}","db_driver":"com.mysql.jdbc.Driver","api_type":"REST","db_url":"","end_node_name":"true","end_node_ip":"127.0.0.1","api_goup_id":"@api_group_id","api_id":"@api_id","body_parameter":"{''requestId'':''<requestIdMsg>'',''eventStatus'': {''code'':''CMN-INB002'', ''description'':''Downstream System Error: [301]: [Session was stopeed, please log in]''},  ''deviceDetails'': {''iccid'':''<iccid>'',''imsi'':''<imsi>'',''msisdn'':''<msisdn>'' },  ''servicePlan'': {''planId'':''<newPlanId>'', ''orderId'':''<userPurchaseId>'',''effectiveDate'':''<created>'',''instanceId'':''1''      }}"}]' WHERE id = 92;
UPDATE inherit_notification_template SET template = '[{"notification_type":"webhook","api_url":"<returnUrl>/subscribers/<userIdentifier>/events/orderAdded","method_type":"POST","notification_id":"@tracking_message_header","table_name":"","table_parameter":"","header_parameter":"{''Authorization'':''Basic SmVyc2V5IFRlbGVjb206T25zdGFyITUw''}","db_driver":"com.mysql.jdbc.Driver","api_type":"REST","db_url":"","end_node_name":"true","end_node_ip":"127.0.0.1","api_goup_id":"@api_group_id","api_id":"@api_id","body_parameter":"{''requestId'':''<requestIdMsg>'',''eventStatus'': {''code'':''ORA003'', ''Downstream System Error: [505]: [User was not found by provided parameters]''},  ''deviceDetails'': {''iccid'':''<iccid>'',''imsi'':''<imsi>'',''msisdn'':''<msisdn>'' },  ''servicePlan'': {''planId'':''<newPlanId>'', ''orderId'':''<userPurchaseId>'',''effectiveDate'':''<created>'',''instanceId'':''1''      }}"}]' WHERE id = 93;
UPDATE inherit_notification_template SET template = '[{"notification_type":"webhook","api_url":"<returnUrl>/subscribers/<userIdentifier>/events/orderAdded","method_type":"POST","notification_id":"@tracking_message_header","table_name":"","table_parameter":"","header_parameter":"{''Authorization'':''Basic SmVyc2V5IFRlbGVjb206T25zdGFyITUw''}","db_driver":"com.mysql.jdbc.Driver","api_type":"REST","db_url":"","end_node_name":"true","end_node_ip":"127.0.0.1","api_goup_id":"@api_group_id","api_id":"@api_id","body_parameter":"{''requestId'':''<requestIdMsg>'',''eventStatus'': {''code'':''CMN-INB002'', ''description'':''Downstream System Error: [618]: [Invalid login data]''},  ''deviceDetails'': {''iccid'':''<iccid>'',''imsi'':''<imsi>'',''msisdn'':''<msisdn>'' },  ''servicePlan'': {''planId'':''<newPlanId>'', ''orderId'':''<userPurchaseId>'',''effectiveDate'':''<created>'',''instanceId'':''1''      }}"}]' WHERE id = 94;
UPDATE inherit_notification_template SET template = '[{"notification_type":"webhook","api_url":"<returnUrl>/subscribers/<userIdentifier>/events/orderAdded","method_type":"POST","notification_id":"@tracking_message_header","table_name":"","table_parameter":"","header_parameter":"{''Authorization'':''Basic SmVyc2V5IFRlbGVjb206T25zdGFyITUw''}","db_driver":"com.mysql.jdbc.Driver","api_type":"REST","db_url":"","end_node_name":"true","end_node_ip":"127.0.0.1","api_goup_id":"@api_group_id","api_id":"@api_id","body_parameter":"{''requestId'':''<requestIdMsg>'',''eventStatus'': {''code'':''ORA001'', ''description'':''Invalid Parameter: [ParameterName]  Value not supported''},  ''deviceDetails'': {''iccid'':''<iccid>'',''imsi'':''<imsi>'',''msisdn'':''<msisdn>'' },  ''servicePlan'': {''planId'':''<newPlanId>'', ''orderId'':''<userPurchaseId>'',''effectiveDate'':''<created>'',''instanceId'':''1''      }}"}]' WHERE id = 95;
UPDATE inherit_notification_template SET template = '[{"notification_type":"webhook","api_url":"<returnUrl>/subscribers/<userIdentifier>/events/orderAdded","method_type":"POST","notification_id":"@tracking_message_header","table_name":"","table_parameter":"","header_parameter":"{''Authorization'':''Basic SmVyc2V5IFRlbGVjb206T25zdGFyITUw''}","db_driver":"com.mysql.jdbc.Driver","api_type":"REST","db_url":"","end_node_name":"true","end_node_ip":"127.0.0.1","api_goup_id":"@api_group_id","api_id":"@api_id","body_parameter":"{''requestId'':''<requestIdMsg>'',''eventStatus'': {''code'':''ORA001'', ''description'':''Invalid Parameter: [ParameterName]  Value not supported''},  ''deviceDetails'': {''iccid'':''<iccid>'',''imsi'':''<imsi>'',''msisdn'':''<msisdn>'' },  ''servicePlan'': {''planId'':''<newPlanId>'', ''orderId'':''<userPurchaseId>'',''effectiveDate'':''<created>'',''instanceId'':''1''      }}"}]' WHERE id = 96;
UPDATE inherit_notification_template SET template = '[{"notification_type":"webhook","api_url":"<returnUrl>/subscribers/<userIdentifier>/events/orderAdded","method_type":"POST","notification_id":"@tracking_message_header","table_name":"","table_parameter":"","header_parameter":"{''Authorization'':''Basic SmVyc2V5IFRlbGVjb206T25zdGFyITUw''}","db_driver":"com.mysql.jdbc.Driver","api_type":"REST","db_url":"","end_node_name":"true","end_node_ip":"127.0.0.1","api_goup_id":"@api_group_id","api_id":"@api_id","body_parameter":"{''requestId'':''<requestIdMsg>'',''eventStatus'': {''code'':''ORA001'', ''description'':''Invalid Parameter: [ParameterName]  Value not supported''},  ''deviceDetails'': {''iccid'':''<iccid>'',''imsi'':''<imsi>'',''msisdn'':''<msisdn>'' },  ''servicePlan'': {''planId'':''<newPlanId>'', ''orderId'':''<userPurchaseId>'',''effectiveDate'':''<created>'',''instanceId'':''1''      }}"}]' WHERE id = 97;
UPDATE inherit_notification_template SET template = '[{"notification_type":"webhook","api_url":"<returnUrl>/subscribers/<userIdentifier>/events/orderAdded","method_type":"POST","notification_id":"@tracking_message_header","table_name":"","table_parameter":"","header_parameter":"{''Authorization'':''Basic SmVyc2V5IFRlbGVjb206T25zdGFyITUw''}","db_driver":"com.mysql.jdbc.Driver","api_type":"REST","db_url":"","end_node_name":"true","end_node_ip":"127.0.0.1","api_goup_id":"@api_group_id","api_id":"@api_id","body_parameter":"{''requestId'':''<requestIdMsg>'',''eventStatus'': {''code'':''CMN-INB002'', ''description'':''Downstream System Error: [642]: [Entry was not found by provided  identifier]''},  ''deviceDetails'': {''iccid'':''<iccid>'',''imsi'':''<imsi>'',''msisdn'':''<msisdn>'' },  ''servicePlan'': {''planId'':''<newPlanId>'', ''orderId'':''<userPurchaseId>'',''effectiveDate'':''<created>'',''instanceId'':''1''      }}"}]' WHERE id = 98;
UPDATE inherit_notification_template SET template = '[{"notification_type":"webhook","api_url":"<returnUrl>/subscribers/<userIdentifier>/events/orderAdded","method_type":"POST","notification_id":"@tracking_message_header","table_name":"","table_parameter":"","header_parameter":"{''Authorization'':''Basic SmVyc2V5IFRlbGVjb206T25zdGFyITUw''}","db_driver":"com.mysql.jdbc.Driver","api_type":"REST","db_url":"","end_node_name":"true","end_node_ip":"127.0.0.1","api_goup_id":"@api_group_id","api_id":"@api_id","body_parameter":"{''requestId'':''<requestIdMsg>'',''eventStatus'': {''code'':''ORA003'', ''description'':''Data Not Found : [externalExtraPassId]''},  ''deviceDetails'': {''iccid'':''<iccid>'',''imsi'':''<imsi>'',''msisdn'':''<msisdn>'' },  ''servicePlan'': {''planId'':''<newPlanId>'', ''orderId'':''<userPurchaseId>'',''effectiveDate'':''<created>'',''instanceId'':''1''      }}"}]' WHERE id = 99;
UPDATE inherit_notification_template SET template = '[{"notification_type":"webhook","api_url":"<returnUrl>/subscribers/<userIdentifier>/events/orderAdded","method_type":"POST","notification_id":"@tracking_message_header","table_name":"","table_parameter":"","header_parameter":"{''Authorization'':''Basic SmVyc2V5IFRlbGVjb206T25zdGFyITUw''}","db_driver":"com.mysql.jdbc.Driver","api_type":"REST","db_url":"","end_node_name":"true","end_node_ip":"127.0.0.1","api_goup_id":"@api_group_id","api_id":"@api_id","body_parameter":"{''requestId'':''<requestIdMsg>'',''eventStatus'': {''code'':''ORA003'', ''description'':''Data Not Found : [external extrapass]''},  ''deviceDetails'': {''iccid'':''<iccid>'',''imsi'':''<imsi>'',''msisdn'':''<msisdn>'' },  ''orderDetails'': {''planId'':''<newPlanId>'', ''orderId'':''<userPurchaseId>'',''effectiveDate'':''<created>'',''instanceId'':''1''      }}"}]' WHERE id = 100;
UPDATE inherit_notification_template SET template = '[{"notification_type":"webhook","api_url":"<returnUrl>/subscribers/<userIdentifier>/events/orderAdded","method_type":"POST","notification_id":"@tracking_message_header","table_name":"","table_parameter":"","header_parameter":"{''Authorization'':''Basic SmVyc2V5IFRlbGVjb206T25zdGFyITUw''}","db_driver":"com.mysql.jdbc.Driver","api_type":"REST","db_url":"","end_node_name":"true","end_node_ip":"127.0.0.1","api_goup_id":"@api_group_id","api_id":"@api_id","body_parameter":"{''requestId'':''<requestIdMsg>'',''eventStatus'': {''code'':''CMN-INB002'', ''description'':''Downstream System Error: [800]: [Unable to process order transaction]''},  ''deviceDetails'': {''iccid'':''<iccid>'',''imsi'':''<imsi>'',''msisdn'':''<msisdn>'' },  ''servicePlan'': {''planId'':''<newPlanId>'', ''orderId'':''<userPurchaseId>'',''effectiveDate'':''<created>'',''instanceId'':''1''      }}"}]' WHERE id = 101;
UPDATE inherit_notification_template SET template = '[{"notification_type":"webhook","api_url":"<returnUrl>/subscribers/<userIdentifier>/events/orderAdded","method_type":"POST","notification_id":"@tracking_message_header","table_name":"","table_parameter":"","header_parameter":"{''Authorization'':''Basic SmVyc2V5IFRlbGVjb206T25zdGFyITUw''}","db_driver":"com.mysql.jdbc.Driver","api_type":"REST","db_url":"","end_node_name":"true","end_node_ip":"127.0.0.1","api_goup_id":"@api_group_id","api_id":"@api_id","body_parameter":"{''requestId'':''<requestIdMsg>'',''eventStatus'': {''code'':''CMN-INB002'', ''description'':''Downstream System Error: [801]: [Required order parameters not provided]''},  ''deviceDetails'': {''iccid'':''<iccid>'',''imsi'':''<imsi>'',''msisdn'':''<msisdn>'' },  ''servicePlan'': {''planId'':''<newPlanId>'', ''orderId'':''<userPurchaseId>'',''effectiveDate'':''<created>'',''instanceId'':''1''      }}"}]' WHERE id = 102;
UPDATE inherit_notification_template SET template = '[{"notification_type":"webhook","api_url":"<returnUrl>/subscribers/<userIdentifier>/events/orderAdded","method_type":"POST","notification_id":"@tracking_message_header","table_name":"","table_parameter":"","header_parameter":"{''Authorization'':''Basic SmVyc2V5IFRlbGVjb206T25zdGFyITUw''}","db_driver":"com.mysql.jdbc.Driver","api_type":"REST","db_url":"","end_node_name":"true","end_node_ip":"127.0.0.1","api_goup_id":"@api_group_id","api_id":"@api_id","body_parameter":"{''requestId'':''<requestIdMsg>'',''eventStatus'': {''code'':''CMN-INB002'', ''description'':''Downstream System Error: [804]: [Unable to perform order]''},  ''deviceDetails'': {''iccid'':''<iccid>'',''imsi'':''<imsi>'',''msisdn'':''<msisdn>'' },  ''servicePlan'': {''planId'':''<newPlanId>'', ''orderId'':''<userPurchaseId>'',''effectiveDate'':''<created>'',''instanceId'':''1''      }}"}]' WHERE id = 103;
UPDATE inherit_notification_template SET template = '[{"notification_type":"webhook","api_url":"<returnUrl>/subscribers/<userIdentifier>/events/orderAdded","method_type":"POST","notification_id":"@tracking_message_header","table_name":"","table_parameter":"","header_parameter":"{''Authorization'':''Basic SmVyc2V5IFRlbGVjb206T25zdGFyITUw''}","db_driver":"com.mysql.jdbc.Driver","api_type":"REST","db_url":"","end_node_name":"true","end_node_ip":"127.0.0.1","api_goup_id":"@api_group_id","api_id":"@api_id","body_parameter":"{''requestId'':''<requestIdMsg>'',''eventStatus'': {''code'':''CMN-INB002'', ''description'':''Downstream System Error: [900]: [Access denied]''},  ''deviceDetails'': {''iccid'':''<iccid>'',''imsi'':''<imsi>'',''msisdn'':''<msisdn>'' },  ''servicePlan'': {''planId'':''<newPlanId>'', ''orderId'':''<userPurchaseId>'',''effectiveDate'':''<created>'',''instanceId'':''1''      }}"}]' WHERE id = 104;
UPDATE inherit_notification_template SET template = '[{"notification_type":"webhook","api_url":"<returnUrl>/subscribers/<userIdentifier>/events/orderAdded","method_type":"POST","notification_id":"@tracking_message_header","table_name":"","table_parameter":"","header_parameter":"{''Authorization'':''Basic SmVyc2V5IFRlbGVjb206T25zdGFyITUw''}","db_driver":"com.mysql.jdbc.Driver","api_type":"REST","db_url":"","end_node_name":"true","end_node_ip":"127.0.0.1","api_goup_id":"@api_group_id","api_id":"@api_id","body_parameter":"{''requestId'':''<requestIdMsg>'',''eventStatus'': {''code'':''CMN-INB002'', ''description'':''Downstream System Error: [901]: [Black listed user performed operation. Access denied]''},  ''deviceDetails'': {''iccid'':''<iccid>'',''imsi'':''<imsi>'',''msisdn'':''<msisdn>'' },  ''servicePlan'': {''planId'':''<newPlanId>'', ''orderId'':''<userPurchaseId>'',''effectiveDate'':''<created>'',''instanceId'':''1''      }}"}]' WHERE id = 105;
UPDATE inherit_notification_template SET template = '[{"notification_type":"webhook","api_url":"<returnUrl>/subscribers/<userIdentifier>/events/orderAdded","method_type":"POST","notification_id":"@tracking_message_header","table_name":"","table_parameter":"","header_parameter":"{''Authorization'':''Basic SmVyc2V5IFRlbGVjb206T25zdGFyITUw''}","db_driver":"com.mysql.jdbc.Driver","api_type":"REST","db_url":"","end_node_name":"true","end_node_ip":"127.0.0.1","api_goup_id":"@api_group_id","api_id":"@api_id","body_parameter":"{''requestId'':''<requestIdMsg>'',''eventStatus'': {''code'':''CMN-INB002'', ''description'':''Downstream System Error: [904]: [SLA conditions were not met]''},  ''deviceDetails'': {''iccid'':''<iccid>'',''imsi'':''<imsi>'',''msisdn'':''<msisdn>'' },  ''servicePlan'': {''planId'':''<newPlanId>'', ''orderId'':''<userPurchaseId>'',''effectiveDate'':''<created>'',''instanceId'':''1''      }}"}]' WHERE id = 106;
UPDATE inherit_notification_template SET template = '[{"notification_type":"webhook","api_url":"<returnUrl>/subscribers/<userIdentifier>/events/orderCancelled","method_type":"POST","notification_id":"@tracking_message_header","table_name":"","table_parameter":"","header_parameter":"{''Authorization'':''Basic SmVyc2V5IFRlbGVjb206T25zdGFyITUw''}","db_driver":"com.mysql.jdbc.Driver","api_type":"REST","db_url":"","end_node_name":"true","end_node_ip":"127.0.0.1","api_goup_id":"@api_group_id","api_id":"@api_id","body_parameter":"{''requestId'':''<requestIdMsg>'',''errors'': [{''code'':''CMN-INB002'', ''description'':''<description>''}],  ''deviceDetails'': {''iccid'':''<iccid>'',''imsi'':''<imsi>'',''msisdn'':''<msisdn>'' }}"}]', response_code = 'CMN004' WHERE id = 920;



--
-- Updating data of table inherit_api_input_parameters
--
UPDATE inherit_api_input_parameters SET regex_description = 'Value should be < 41 character' WHERE id = 543;
UPDATE inherit_api_input_parameters SET regex = '[a-zA-Z0-9 ]+', regex_description = 'Value should be < 41 character' WHERE id = 547;



